urn:cts:greekLit:tlg5026.msAint.hmt:18.1@ἀντι[1],urn:cite:hmt:tokentypes.lexical
urn:cts:greekLit:tlg5026.msAint.hmt:18.1@ὑπὸ[1],urn:cite:hmt:tokentypes.lexical
urn:cts:greekLit:tlg5026.msAint.hmt:18.1@[1],urn:cite:hmt:tokentypes.lexical
urn:cts:greekLit:tlg5026.msAint.hmt:18.1@τῶν[1],urn:cite:hmt:tokentypes.lexical
urn:cts:greekLit:tlg5026.msAint.hmt:18.1@χειρῶν[1],urn:cite:hmt:tokentypes.lexical
urn:cts:greekLit:tlg5026.msAint.hmt:18.1@τῶν[2],urn:cite:hmt:tokentypes.lexical
urn:cts:greekLit:tlg5026.msAint.hmt:18.1@Τρώων[1],urn:cite:hmt:peoples.place6
urn:cts:greekLit:tlg5026.msAint.hmt:18.1@⁑[1],urn:cite:hmt:tokentypes.lexical
urn:cts:greekLit:tlg5026.msAint.hmt:18.2@τάλλας[1],urn:cite:hmt:tokentypes.lexical
urn:cts:greekLit:tlg5026.msAint.hmt:18.2@ἢ[1],urn:cite:hmt:tokentypes.lexical
urn:cts:greekLit:tlg5026.msAint.hmt:18.2@τλήμων[1],urn:cite:hmt:tokentypes.lexical
urn:cts:greekLit:tlg5026.msAint.hmt:18.2@ἐνταῦθα[1],urn:cite:hmt:tokentypes.lexical
urn:cts:greekLit:tlg5026.msAint.hmt:18.2@⁑[1],urn:cite:hmt:tokentypes.lexical
urn:cts:greekLit:tlg5026.msAint.hmt:18.3@ὅτι[1],urn:cite:hmt:tokentypes.lexical
urn:cts:greekLit:tlg5026.msAint.hmt:18.3@[1],urn:cite:hmt:tokentypes.lexical
urn:cts:greekLit:tlg5026.msAint.hmt:18.3@τὴν[1],urn:cite:hmt:tokentypes.lexical
urn:cts:greekLit:tlg5026.msAint.hmt:18.3@ἀπο[1],urn:cite:hmt:tokentypes.lexical
urn:cts:greekLit:tlg5026.msAint.hmt:18.3@πυρὸς[1],urn:cite:hmt:tokentypes.lexical
urn:cts:greekLit:tlg5026.msAint.hmt:18.3@τέφραν[1],urn:cite:hmt:tokentypes.lexical
urn:cts:greekLit:tlg5026.msAint.hmt:18.3@κόνιν[1],urn:cite:hmt:tokentypes.lexical
urn:cts:greekLit:tlg5026.msAint.hmt:18.3@λέγει[1],urn:cite:hmt:tokentypes.lexical
urn:cts:greekLit:tlg5026.msAint.hmt:18.3@διὸ[1],urn:cite:hmt:tokentypes.lexical
urn:cts:greekLit:tlg5026.msAint.hmt:18.3@καὶ[1],urn:cite:hmt:tokentypes.lexical
urn:cts:greekLit:tlg5026.msAint.hmt:18.3@αἰθαλόεσσαν[1],urn:cite:hmt:tokentypes.lexical
urn:cts:greekLit:tlg5026.msAint.hmt:18.3@αὐτὴν[1],urn:cite:hmt:tokentypes.lexical
urn:cts:greekLit:tlg5026.msAint.hmt:18.3@λέγει[2],urn:cite:hmt:tokentypes.lexical
urn:cts:greekLit:tlg5026.msAint.hmt:18.3@⁑[1],urn:cite:hmt:tokentypes.lexical
urn:cts:greekLit:tlg5026.msAil.hmt:18.1@ὅτι[1],urn:cite:hmt:tokentypes.lexical
urn:cts:greekLit:tlg5026.msAil.hmt:18.1@[1],urn:cite:hmt:tokentypes.lexical
urn:cts:greekLit:tlg5026.msAil.hmt:18.1@ὥσπερ[1],urn:cite:hmt:tokentypes.lexical
urn:cts:greekLit:tlg5026.msAil.hmt:18.2@θείω[1],urn:cite:hmt:tokentypes.lexical
urn:cts:greekLit:tlg5026.msAil.hmt:18.2@καλῷ[1],urn:cite:hmt:tokentypes.lexical
urn:cts:greekLit:tlg5026.msAim.hmt:18.1@ὅτι[1],urn:cite:hmt:tokentypes.lexical
urn:cts:greekLit:tlg5026.msAim.hmt:18.1@λείπει[1],urn:cite:hmt:tokentypes.lexical
urn:cts:greekLit:tlg5026.msAim.hmt:18.1@[1],urn:cite:hmt:tokentypes.lexical
urn:cts:greekLit:tlg5026.msAim.hmt:18.1@ἡ[1],urn:cite:hmt:tokentypes.lexical
urn:cts:greekLit:tlg5026.msAim.hmt:18.1@διὰ[1],urn:cite:hmt:tokentypes.lexical
urn:cts:greekLit:tlg5026.msAim.hmt:18.1@δια[1],urn:cite:hmt:tokentypes.lexical
urn:cts:greekLit:tlg5026.msAim.hmt:18.1@πεδίου[1],urn:cite:hmt:tokentypes.lexical
urn:cts:greekLit:tlg5026.msAim.hmt:18.2@Ἀρίσταρχος[1],urn:cite:hmt:pers.pers16
urn:cts:greekLit:tlg5026.msAim.hmt:18.2@[1],urn:cite:hmt:tokentypes.lexical
urn:cts:greekLit:tlg5026.msAim.hmt:18.2@αψ[1],urn:cite:hmt:tokentypes.lexical
urn:cts:greekLit:tlg5026.msAim.hmt:18.2@ἐπι[1],urn:cite:hmt:tokentypes.lexical
urn:cts:greekLit:tlg5026.msAim.hmt:18.2@νηας[1],urn:cite:hmt:tokentypes.lexical
urn:cts:greekLit:tlg5026.msAim.hmt:18.2@ϊμεν[1],urn:cite:hmt:tokentypes.lexical
urn:cts:greekLit:tlg5026.msAim.hmt:18.2@⁑[1],urn:cite:hmt:tokentypes.lexical
urn:cts:greekLit:tlg5026.msA.hmt:18.1@ὣς[1],urn:cite:hmt:tokentypes.lexical
urn:cts:greekLit:tlg5026.msA.hmt:18.1@οι[1],urn:cite:hmt:tokentypes.lexical
urn:cts:greekLit:tlg5026.msA.hmt:18.1@μὲν[1],urn:cite:hmt:tokentypes.lexical
urn:cts:greekLit:tlg5026.msA.hmt:18.1@μάρναντο[1],urn:cite:hmt:tokentypes.lexical
urn:cts:greekLit:tlg5026.msA.hmt:18.1@δέμας[1],urn:cite:hmt:tokentypes.lexical
urn:cts:greekLit:tlg5026.msA.hmt:18.1@πυρὸς[1],urn:cite:hmt:tokentypes.lexical
urn:cts:greekLit:tlg5026.msA.hmt:18.1@αἰθομένοιο·[1],urn:cite:hmt:tokentypes.lexical
urn:cts:greekLit:tlg5026.msA.hmt:18.1@πυρὸς[2],urn:cite:hmt:tokentypes.lexical
urn:cts:greekLit:tlg5026.msA.hmt:18.1@τρόπον[1],urn:cite:hmt:tokentypes.lexical
urn:cts:greekLit:tlg5026.msA.hmt:18.1@τὸ[1],urn:cite:hmt:tokentypes.lexical
urn:cts:greekLit:tlg5026.msA.hmt:18.1@δὲ[1],urn:cite:hmt:tokentypes.lexical
urn:cts:greekLit:tlg5026.msA.hmt:18.1@ἔμπυρον[1],urn:cite:hmt:tokentypes.lexical
urn:cts:greekLit:tlg5026.msA.hmt:18.1@τῆς[1],urn:cite:hmt:tokentypes.lexical
urn:cts:greekLit:tlg5026.msA.hmt:18.1@μάχης[1],urn:cite:hmt:tokentypes.lexical
urn:cts:greekLit:tlg5026.msA.hmt:18.1@βούλεται[1],urn:cite:hmt:tokentypes.lexical
urn:cts:greekLit:tlg5026.msA.hmt:18.1@δηλῶσαι[1],urn:cite:hmt:tokentypes.lexical
urn:cts:greekLit:tlg5026.msA.hmt:18.1@⁑[1],urn:cite:hmt:tokentypes.lexical
urn:cts:greekLit:tlg5026.msA.hmt:18.2@τονδ'[1],urn:cite:hmt:tokentypes.lexical
urn:cts:greekLit:tlg5026.msA.hmt:18.2@ευρε[1],urn:cite:hmt:tokentypes.lexical
urn:cts:greekLit:tlg5026.msA.hmt:18.2@προπάροιθε·[1],urn:cite:hmt:tokentypes.lexical
urn:cts:greekLit:tlg5026.msA.hmt:18.2@νῦν[1],urn:cite:hmt:tokentypes.lexical
urn:cts:greekLit:tlg5026.msA.hmt:18.2@επι[1],urn:cite:hmt:tokentypes.lexical
urn:cts:greekLit:tlg5026.msA.hmt:18.2@τόπου[1],urn:cite:hmt:tokentypes.lexical
urn:cts:greekLit:tlg5026.msA.hmt:18.2@καὶ[1],urn:cite:hmt:tokentypes.lexical
urn:cts:greekLit:tlg5026.msA.hmt:18.2@ἐν[1],urn:cite:hmt:tokentypes.lexical
urn:cts:greekLit:tlg5026.msA.hmt:18.2@[1],urn:cite:hmt:tokentypes.lexical
urn:cts:greekLit:tlg5026.msA.hmt:18.2@καδ[1],urn:cite:hmt:tokentypes.lexical
urn:cts:greekLit:tlg5026.msA.hmt:18.2@δ'[1],urn:cite:hmt:tokentypes.lexical
urn:cts:greekLit:tlg5026.msA.hmt:18.2@έβαλε[1],urn:cite:hmt:tokentypes.lexical
urn:cts:greekLit:tlg5026.msA.hmt:18.2@προπαροιθε[1],urn:cite:hmt:tokentypes.lexical
urn:cts:greekLit:tlg5026.msA.hmt:18.2@νεώς[1],urn:cite:hmt:tokentypes.lexical
urn:cts:greekLit:tlg5026.msA.hmt:18.2@τάσσεται[1],urn:cite:hmt:tokentypes.lexical
urn:cts:greekLit:tlg5026.msA.hmt:18.2@δὲ[1],urn:cite:hmt:tokentypes.lexical
urn:cts:greekLit:tlg5026.msA.hmt:18.2@καὶ[2],urn:cite:hmt:tokentypes.lexical
urn:cts:greekLit:tlg5026.msA.hmt:18.2@ἐπι[1],urn:cite:hmt:tokentypes.lexical
urn:cts:greekLit:tlg5026.msA.hmt:18.2@χρόνου[1],urn:cite:hmt:tokentypes.lexical
urn:cts:greekLit:tlg5026.msA.hmt:18.2@σεῖο[1],urn:cite:hmt:tokentypes.lexical
urn:cts:greekLit:tlg5026.msA.hmt:18.2@δ'[2],urn:cite:hmt:tokentypes.lexical
urn:cts:greekLit:tlg5026.msA.hmt:18.2@Ἀχιλλεῦʼ[1],urn:cite:hmt:pers.pers1
urn:cts:greekLit:tlg5026.msA.hmt:18.2@[2],urn:cite:hmt:tokentypes.lexical
urn:cts:greekLit:tlg5026.msA.hmt:18.2@οὔτις[1],urn:cite:hmt:tokentypes.lexical
urn:cts:greekLit:tlg5026.msA.hmt:18.2@ἀνηρ[1],urn:cite:hmt:tokentypes.lexical
urn:cts:greekLit:tlg5026.msA.hmt:18.2@προπάροιθε[1],urn:cite:hmt:tokentypes.lexical
urn:cts:greekLit:tlg5026.msA.hmt:18.2@μακάρων[1],urn:cite:hmt:tokentypes.lexical
urn:cts:greekLit:tlg5026.msA.hmt:18.2@⁑[1],urn:cite:hmt:tokentypes.lexical
urn:cts:greekLit:tlg5026.msA.hmt:18.3@ορθοκραιράων[1],urn:cite:hmt:tokentypes.lexical
urn:cts:greekLit:tlg5026.msA.hmt:18.3@τῶν[1],urn:cite:hmt:tokentypes.lexical
urn:cts:greekLit:tlg5026.msA.hmt:18.3@τὰς[1],urn:cite:hmt:tokentypes.lexical
urn:cts:greekLit:tlg5026.msA.hmt:18.3@κεφαλὰς[1],urn:cite:hmt:tokentypes.lexical
urn:cts:greekLit:tlg5026.msA.hmt:18.3@ορθὰς[1],urn:cite:hmt:tokentypes.lexical
urn:cts:greekLit:tlg5026.msA.hmt:18.3@ἐχουσῶν[1],urn:cite:hmt:tokentypes.lexical
urn:cts:greekLit:tlg5026.msA.hmt:18.3@κραῖραν[1],urn:cite:hmt:tokentypes.lexical
urn:cts:greekLit:tlg5026.msA.hmt:18.3@γὰρ[1],urn:cite:hmt:tokentypes.lexical
urn:cts:greekLit:tlg5026.msA.hmt:18.3@λέγουσι[1],urn:cite:hmt:tokentypes.lexical
urn:cts:greekLit:tlg5026.msA.hmt:18.3@τὴν[1],urn:cite:hmt:tokentypes.lexical
urn:cts:greekLit:tlg5026.msA.hmt:18.3@κεφαλήν.[1],urn:cite:hmt:tokentypes.lexical
urn:cts:greekLit:tlg5026.msA.hmt:18.3@καὶ[1],urn:cite:hmt:tokentypes.lexical
urn:cts:greekLit:tlg5026.msA.hmt:18.3@οἱ[1],urn:cite:hmt:tokentypes.lexical
urn:cts:greekLit:tlg5026.msA.hmt:18.3@Ἀττικοὶ[1],urn:cite:hmt:peoples.place76
urn:cts:greekLit:tlg5026.msA.hmt:18.3@[1],urn:cite:hmt:tokentypes.lexical
urn:cts:greekLit:tlg5026.msA.hmt:18.3@τὸ[1],urn:cite:hmt:tokentypes.lexical
urn:cts:greekLit:tlg5026.msA.hmt:18.3@τῆς[1],urn:cite:hmt:tokentypes.lexical
urn:cts:greekLit:tlg5026.msA.hmt:18.3@κεφαλῆς[1],urn:cite:hmt:tokentypes.lexical
urn:cts:greekLit:tlg5026.msA.hmt:18.3@ήμισυ[1],urn:cite:hmt:tokentypes.lexical
urn:cts:greekLit:tlg5026.msA.hmt:18.3@ἡμίκραιραν·[1],urn:cite:hmt:tokentypes.lexical
urn:cts:greekLit:tlg5026.msA.hmt:18.3@λέγει[1],urn:cite:hmt:tokentypes.lexical
urn:cts:greekLit:tlg5026.msA.hmt:18.3@δὲ[1],urn:cite:hmt:tokentypes.lexical
urn:cts:greekLit:tlg5026.msA.hmt:18.3@δια[1],urn:cite:hmt:tokentypes.lexical
urn:cts:greekLit:tlg5026.msA.hmt:18.3@τὸ[2],urn:cite:hmt:tokentypes.lexical
urn:cts:greekLit:tlg5026.msA.hmt:18.3@τὰς[2],urn:cite:hmt:tokentypes.lexical
urn:cts:greekLit:tlg5026.msA.hmt:18.3@πρώρας[1],urn:cite:hmt:tokentypes.lexical
urn:cts:greekLit:tlg5026.msA.hmt:18.3@καὶ[2],urn:cite:hmt:tokentypes.lexical
urn:cts:greekLit:tlg5026.msA.hmt:18.3@πρύμνας[1],urn:cite:hmt:tokentypes.lexical
urn:cts:greekLit:tlg5026.msA.hmt:18.3@ἀνατετάσθαι[1],urn:cite:hmt:tokentypes.lexical
urn:cts:greekLit:tlg5026.msA.hmt:18.3@ἐκ[1],urn:cite:hmt:tokentypes.lexical
urn:cts:greekLit:tlg5026.msA.hmt:18.3@μεταφορᾶς[1],urn:cite:hmt:tokentypes.lexical
urn:cts:greekLit:tlg5026.msA.hmt:18.3@τῶν[2],urn:cite:hmt:tokentypes.lexical
urn:cts:greekLit:tlg5026.msA.hmt:18.3@βοῶν[1],urn:cite:hmt:tokentypes.lexical
urn:cts:greekLit:tlg5026.msA.hmt:18.3@⁑[1],urn:cite:hmt:tokentypes.lexical
urn:cts:greekLit:tlg5026.msA.hmt:18.4@τα[1],urn:cite:hmt:tokentypes.lexical
urn:cts:greekLit:tlg5026.msA.hmt:18.4@φρονέοντ'[1],urn:cite:hmt:tokentypes.lexical
urn:cts:greekLit:tlg5026.msA.hmt:18.4@ἀνα[1],urn:cite:hmt:tokentypes.lexical
urn:cts:greekLit:tlg5026.msA.hmt:18.4@θυμὸν,[1],urn:cite:hmt:tokentypes.lexical
urn:cts:greekLit:tlg5026.msA.hmt:18.4@οἱ[1],urn:cite:hmt:tokentypes.lexical
urn:cts:greekLit:tlg5026.msA.hmt:18.4@περι[1],urn:cite:hmt:tokentypes.lexical
urn:cts:greekLit:tlg5026.msA.hmt:18.4@τῶν[1],urn:cite:hmt:tokentypes.lexical
urn:cts:greekLit:tlg5026.msA.hmt:18.4@φαύλων[1],urn:cite:hmt:tokentypes.lexical
urn:cts:greekLit:tlg5026.msA.hmt:18.4@αγωνιῶντες[1],urn:cite:hmt:tokentypes.lexical
urn:cts:greekLit:tlg5026.msA.hmt:18.4@ἐν[1],urn:cite:hmt:tokentypes.lexical
urn:cts:greekLit:tlg5026.msA.hmt:18.4@τοῖς[1],urn:cite:hmt:tokentypes.lexical
urn:cts:greekLit:tlg5026.msA.hmt:18.4@κινδύνοις[1],urn:cite:hmt:tokentypes.lexical
urn:cts:greekLit:tlg5026.msA.hmt:18.4@δυσέλπιδές[1],urn:cite:hmt:tokentypes.lexical
urn:cts:greekLit:tlg5026.msA.hmt:18.4@εἰσὶν[1],urn:cite:hmt:tokentypes.lexical
urn:cts:greekLit:tlg5026.msA.hmt:18.4@ἔστι[1],urn:cite:hmt:tokentypes.lexical
urn:cts:greekLit:tlg5026.msA.hmt:18.4@δὲ[1],urn:cite:hmt:tokentypes.lexical
urn:cts:greekLit:tlg5026.msA.hmt:18.4@τῶν[2],urn:cite:hmt:tokentypes.lexical
urn:cts:greekLit:tlg5026.msA.hmt:18.4@ἐν[2],urn:cite:hmt:tokentypes.lexical
urn:cts:greekLit:tlg5026.msA.hmt:18.4@ατυχίᾳ[1],urn:cite:hmt:tokentypes.lexical
urn:cts:greekLit:tlg5026.msA.hmt:18.4@προληπτικῶς[1],urn:cite:hmt:tokentypes.lexical
urn:cts:greekLit:tlg5026.msA.hmt:18.4@ὁ[1],urn:cite:hmt:tokentypes.lexical
urn:cts:greekLit:tlg5026.msA.hmt:18.4@νοῦς[1],urn:cite:hmt:tokentypes.lexical
urn:cts:greekLit:tlg5026.msA.hmt:18.4@⁑[1],urn:cite:hmt:tokentypes.lexical
urn:cts:greekLit:tlg5026.msA.hmt:18.5@ὀχθήσας[1],urn:cite:hmt:tokentypes.lexical
urn:cts:greekLit:tlg5026.msA.hmt:18.5@δ'[1],urn:cite:hmt:tokentypes.lexical
urn:cts:greekLit:tlg5026.msA.hmt:18.5@άρα[1],urn:cite:hmt:tokentypes.lexical
urn:cts:greekLit:tlg5026.msA.hmt:18.5@εἶπε,[1],urn:cite:hmt:tokentypes.lexical
urn:cts:greekLit:tlg5026.msA.hmt:18.5@ἥτοι[1],urn:cite:hmt:tokentypes.lexical
urn:cts:greekLit:tlg5026.msA.hmt:18.5@λυπηθεὶς[1],urn:cite:hmt:tokentypes.lexical
urn:cts:greekLit:tlg5026.msA.hmt:18.5@ἀπο[1],urn:cite:hmt:tokentypes.lexical
urn:cts:greekLit:tlg5026.msA.hmt:18.5@τοῦ[1],urn:cite:hmt:tokentypes.lexical
urn:cts:greekLit:tlg5026.msA.hmt:18.5@ἄχθεος[1],urn:cite:hmt:tokentypes.waw
urn:cts:greekLit:tlg5026.msA.hmt:18.5@[1],urn:cite:hmt:tokentypes.lexical
urn:cts:greekLit:tlg5026.msA.hmt:18.5@ὅ[1],urn:cite:hmt:tokentypes.lexical
urn:cts:greekLit:tlg5026.msA.hmt:18.5@ἔστι[1],urn:cite:hmt:tokentypes.lexical
urn:cts:greekLit:tlg5026.msA.hmt:18.5@βάρους.[1],urn:cite:hmt:tokentypes.lexical
urn:cts:greekLit:tlg5026.msA.hmt:18.5@λέγοιμεν[1],urn:cite:hmt:tokentypes.lexical
urn:cts:greekLit:tlg5026.msA.hmt:18.5@δ[1],urn:cite:hmt:tokentypes.lexical
urn:cts:greekLit:tlg5026.msA.hmt:18.5@ὰν[1],urn:cite:hmt:tokentypes.lexical
urn:cts:greekLit:tlg5026.msA.hmt:18.5@καὶ[1],urn:cite:hmt:tokentypes.lexical
urn:cts:greekLit:tlg5026.msA.hmt:18.5@βαρυνθείς[1],urn:cite:hmt:tokentypes.lexical
urn:cts:greekLit:tlg5026.msA.hmt:18.5@ἢ[1],urn:cite:hmt:tokentypes.lexical
urn:cts:greekLit:tlg5026.msA.hmt:18.5@τὸ[1],urn:cite:hmt:tokentypes.lexical
urn:cts:greekLit:tlg5026.msA.hmt:18.5@ὀχθήσας[2],urn:cite:hmt:tokentypes.waw
urn:cts:greekLit:tlg5026.msA.hmt:18.5@[2],urn:cite:hmt:tokentypes.lexical
urn:cts:greekLit:tlg5026.msA.hmt:18.5@ἀπὸ[1],urn:cite:hmt:tokentypes.lexical
urn:cts:greekLit:tlg5026.msA.hmt:18.5@τοῦ[2],urn:cite:hmt:tokentypes.lexical
urn:cts:greekLit:tlg5026.msA.hmt:18.5@όχθου[1],urn:cite:hmt:tokentypes.waw
urn:cts:greekLit:tlg5026.msA.hmt:18.5@[3],urn:cite:hmt:tokentypes.lexical
urn:cts:greekLit:tlg5026.msA.hmt:18.5@ὠνόμασται[1],urn:cite:hmt:tokentypes.lexical
urn:cts:greekLit:tlg5026.msA.hmt:18.5@ὄχθοι[1],urn:cite:hmt:tokentypes.waw
urn:cts:greekLit:tlg5026.msA.hmt:18.5@[4],urn:cite:hmt:tokentypes.lexical
urn:cts:greekLit:tlg5026.msA.hmt:18.5@δὲ[1],urn:cite:hmt:tokentypes.lexical
urn:cts:greekLit:tlg5026.msA.hmt:18.5@τὰ[1],urn:cite:hmt:tokentypes.lexical
urn:cts:greekLit:tlg5026.msA.hmt:18.5@ὑψηλὰ[1],urn:cite:hmt:tokentypes.lexical
urn:cts:greekLit:tlg5026.msA.hmt:18.5@οἷον[1],urn:cite:hmt:tokentypes.lexical
urn:cts:greekLit:tlg5026.msA.hmt:18.5@ἐπαρθεὶς[1],urn:cite:hmt:tokentypes.lexical
urn:cts:greekLit:tlg5026.msA.hmt:18.5@τῷ[1],urn:cite:hmt:tokentypes.lexical
urn:cts:greekLit:tlg5026.msA.hmt:18.5@θυμῷ[1],urn:cite:hmt:tokentypes.lexical
urn:cts:greekLit:tlg5026.msA.hmt:18.5@⁑[1],urn:cite:hmt:tokentypes.lexical
urn:cts:greekLit:tlg5026.msA.hmt:18.6@νηυσὶν[1],urn:cite:hmt:tokentypes.lexical
urn:cts:greekLit:tlg5026.msA.hmt:18.6@ἐπι[1],urn:cite:hmt:tokentypes.lexical
urn:cts:greekLit:tlg5026.msA.hmt:18.6@κλονέονται:[1],urn:cite:hmt:tokentypes.lexical
urn:cts:greekLit:tlg5026.msA.hmt:18.6@[1],urn:cite:hmt:tokentypes.lexical
urn:cts:greekLit:tlg5026.msA.hmt:18.6@ἀναστρεπτεον[1],urn:cite:hmt:tokentypes.lexical
urn:cts:greekLit:tlg5026.msA.hmt:18.6@τὴν[1],urn:cite:hmt:tokentypes.lexical
urn:cts:greekLit:tlg5026.msA.hmt:18.6@πρόθεσιν[1],urn:cite:hmt:tokentypes.lexical
urn:cts:greekLit:tlg5026.msA.hmt:18.6@[2],urn:cite:hmt:tokentypes.lexical
urn:cts:greekLit:tlg5026.msA.hmt:18.6@ὁμοίως[1],urn:cite:hmt:tokentypes.lexical
urn:cts:greekLit:tlg5026.msA.hmt:18.6@καὶ[1],urn:cite:hmt:tokentypes.lexical
urn:cts:greekLit:tlg5026.msA.hmt:18.6@επι[1],urn:cite:hmt:tokentypes.lexical
urn:cts:greekLit:tlg5026.msA.hmt:18.6@τοῦ[1],urn:cite:hmt:tokentypes.lexical
urn:cts:greekLit:tlg5026.msA.hmt:18.6@νηυσὶν[2],urn:cite:hmt:tokentypes.lexical
urn:cts:greekLit:tlg5026.msA.hmt:18.6@επιπροέηκα[1],urn:cite:hmt:tokentypes.lexical
urn:cts:greekLit:tlg5026.msA.hmt:18.6@·[1],urn:cite:hmt:tokentypes.lexical
urn:cts:greekLit:tlg5026.msA.hmt:18.6@ἡ[1],urn:cite:hmt:tokentypes.lexical
urn:cts:greekLit:tlg5026.msA.hmt:18.6@διπλη[1],urn:cite:hmt:tokentypes.lexical
urn:cts:greekLit:tlg5026.msA.hmt:18.6@δὲ[1],urn:cite:hmt:tokentypes.lexical
urn:cts:greekLit:tlg5026.msA.hmt:18.6@ὅτι[1],urn:cite:hmt:tokentypes.lexical
urn:cts:greekLit:tlg5026.msA.hmt:18.6@λείπει[1],urn:cite:hmt:tokentypes.lexical
urn:cts:greekLit:tlg5026.msA.hmt:18.6@ἡ[2],urn:cite:hmt:tokentypes.lexical
urn:cts:greekLit:tlg5026.msA.hmt:18.6@διά[1],urn:cite:hmt:tokentypes.lexical
urn:cts:greekLit:tlg5026.msA.hmt:18.6@φεύγοντες[1],urn:cite:hmt:tokentypes.lexical
urn:cts:greekLit:tlg5026.msA.hmt:18.6@δια[1],urn:cite:hmt:tokentypes.lexical
urn:cts:greekLit:tlg5026.msA.hmt:18.6@τοῦ[2],urn:cite:hmt:tokentypes.lexical
urn:cts:greekLit:tlg5026.msA.hmt:18.6@πεδίου[1],urn:cite:hmt:tokentypes.lexical
urn:cts:greekLit:tlg5026.msA.hmt:18.6@⁑[1],urn:cite:hmt:tokentypes.lexical
urn:cts:greekLit:tlg5026.msA.hmt:18.7@ὡς[1],urn:cite:hmt:tokentypes.lexical
urn:cts:greekLit:tlg5026.msA.hmt:18.7@ποτέ[1],urn:cite:hmt:tokentypes.lexical
urn:cts:greekLit:tlg5026.msA.hmt:18.7@μοι[1],urn:cite:hmt:tokentypes.lexical
urn:cts:greekLit:tlg5026.msA.hmt:18.7@μήτηρ[1],urn:cite:hmt:tokentypes.lexical
urn:cts:greekLit:tlg5026.msA.hmt:18.7@[1],urn:cite:hmt:tokentypes.lexical
urn:cts:greekLit:tlg5026.msA.hmt:18.7@διεπέφραδε:[1],urn:cite:hmt:tokentypes.lexical
urn:cts:greekLit:tlg5026.msA.hmt:18.7@ἐζήτηται[1],urn:cite:hmt:tokentypes.lexical
urn:cts:greekLit:tlg5026.msA.hmt:18.7@πῶς[1],urn:cite:hmt:tokentypes.lexical
urn:cts:greekLit:tlg5026.msA.hmt:18.7@οὐκ[1],urn:cite:hmt:tokentypes.lexical
urn:cts:greekLit:tlg5026.msA.hmt:18.7@εστιν[1],urn:cite:hmt:tokentypes.lexical
urn:cts:greekLit:tlg5026.msA.hmt:18.7@Αὐτομέδων[1],urn:cite:hmt:pers.pers217
urn:cts:greekLit:tlg5026.msA.hmt:18.7@[2],urn:cite:hmt:tokentypes.lexical
urn:cts:greekLit:tlg5026.msA.hmt:18.7@μηνυτης[1],urn:cite:hmt:tokentypes.lexical
urn:cts:greekLit:tlg5026.msA.hmt:18.7@τῆς[1],urn:cite:hmt:tokentypes.lexical
urn:cts:greekLit:tlg5026.msA.hmt:18.7@Πατροκλοῦ[1],urn:cite:hmt:pers.pers158
urn:cts:greekLit:tlg5026.msA.hmt:18.7@[3],urn:cite:hmt:tokentypes.lexical
urn:cts:greekLit:tlg5026.msA.hmt:18.7@ἀναιρεσαι[1],urn:cite:hmt:tokentypes.lexical
urn:cts:greekLit:tlg5026.msA.hmt:18.7@ἀλλα[1],urn:cite:hmt:tokentypes.lexical
urn:cts:greekLit:tlg5026.msA.hmt:18.7@Ἀντίλοχος[1],urn:cite:hmt:pers.pers712
urn:cts:greekLit:tlg5026.msA.hmt:18.7@·[1],urn:cite:hmt:tokentypes.lexical
urn:cts:greekLit:tlg5026.msA.hmt:18.7@καὶ[1],urn:cite:hmt:tokentypes.lexical
urn:cts:greekLit:tlg5026.msA.hmt:18.7@διὰ[1],urn:cite:hmt:tokentypes.lexical
urn:cts:greekLit:tlg5026.msA.hmt:18.7@τοῦ[1],urn:cite:hmt:tokentypes.lexical
urn:cts:greekLit:tlg5026.msA.hmt:18.7@γυμνὸς[1],urn:cite:hmt:tokentypes.lexical
urn:cts:greekLit:tlg5026.msA.hmt:18.7@·[2],urn:cite:hmt:tokentypes.lexical
urn:cts:greekLit:tlg5026.msA.hmt:18.7@ῥητεον[1],urn:cite:hmt:tokentypes.lexical
urn:cts:greekLit:tlg5026.msA.hmt:18.7@οὖν[1],urn:cite:hmt:tokentypes.lexical
urn:cts:greekLit:tlg5026.msA.hmt:18.7@ὅτι·[1],urn:cite:hmt:tokentypes.lexical
urn:cts:greekLit:tlg5026.msA.hmt:18.7@Αὐτομεδωντα[1],urn:cite:hmt:pers.pers217
urn:cts:greekLit:tlg5026.msA.hmt:18.7@[4],urn:cite:hmt:tokentypes.lexical
urn:cts:greekLit:tlg5026.msA.hmt:18.7@μὲν[1],urn:cite:hmt:tokentypes.lexical
urn:cts:greekLit:tlg5026.msA.hmt:18.7@αἰσχρὸν[1],urn:cite:hmt:tokentypes.lexical
urn:cts:greekLit:tlg5026.msA.hmt:18.7@ἢν[1],urn:cite:hmt:tokentypes.lexical
urn:cts:greekLit:tlg5026.msA.hmt:18.7@μετὰ[1],urn:cite:hmt:tokentypes.lexical
urn:cts:greekLit:tlg5026.msA.hmt:18.7@τῶν[1],urn:cite:hmt:tokentypes.lexical
urn:cts:greekLit:tlg5026.msA.hmt:18.7@ἵππων[1],urn:cite:hmt:tokentypes.lexical
urn:cts:greekLit:tlg5026.msA.hmt:18.7@ἔρχεσθαι[1],urn:cite:hmt:tokentypes.lexical
urn:cts:greekLit:tlg5026.msA.hmt:18.7@πρὸς[1],urn:cite:hmt:tokentypes.lexical
urn:cts:greekLit:tlg5026.msA.hmt:18.7@Ἀχιλλέα[1],urn:cite:hmt:pers.pers1
urn:cts:greekLit:tlg5026.msA.hmt:18.7@[5],urn:cite:hmt:tokentypes.lexical
urn:cts:greekLit:tlg5026.msA.hmt:18.7@ἄπρακτον[1],urn:cite:hmt:tokentypes.lexical
urn:cts:greekLit:tlg5026.msA.hmt:18.7@τῶν[2],urn:cite:hmt:tokentypes.lexical
urn:cts:greekLit:tlg5026.msA.hmt:18.7@ἀλλῶν[1],urn:cite:hmt:tokentypes.lexical
urn:cts:greekLit:tlg5026.msA.hmt:18.7@αγωνιζομενῶν[1],urn:cite:hmt:tokentypes.lexical
urn:cts:greekLit:tlg5026.msA.hmt:18.7@περὶ[1],urn:cite:hmt:tokentypes.lexical
urn:cts:greekLit:tlg5026.msA.hmt:18.7@[6],urn:cite:hmt:tokentypes.lexical
urn:cts:greekLit:tlg5026.msA.hmt:18.7@τοῦ[2],urn:cite:hmt:tokentypes.lexical
urn:cts:greekLit:tlg5026.msA.hmt:18.7@σωματα[1],urn:cite:hmt:tokentypes.lexical
urn:cts:greekLit:tlg5026.msA.hmt:18.7@Ἀντίλοχός[1],urn:cite:hmt:pers.pers712
urn:cts:greekLit:tlg5026.msA.hmt:18.7@[7],urn:cite:hmt:tokentypes.lexical
urn:cts:greekLit:tlg5026.msA.hmt:18.7@τε[1],urn:cite:hmt:tokentypes.lexical
urn:cts:greekLit:tlg5026.msA.hmt:18.7@ταχὺς[1],urn:cite:hmt:tokentypes.lexical
urn:cts:greekLit:tlg5026.msA.hmt:18.7@τὲ[1],urn:cite:hmt:tokentypes.lexical
urn:cts:greekLit:tlg5026.msA.hmt:18.7@ὣν[1],urn:cite:hmt:tokentypes.lexical
urn:cts:greekLit:tlg5026.msA.hmt:18.7@τῶν[3],urn:cite:hmt:tokentypes.lexical
urn:cts:greekLit:tlg5026.msA.hmt:18.7@ἄλλων[1],urn:cite:hmt:tokentypes.lexical
urn:cts:greekLit:tlg5026.msA.hmt:18.7@[8],urn:cite:hmt:tokentypes.lexical
urn:cts:greekLit:tlg5026.msA.hmt:18.7@καὶ[2],urn:cite:hmt:tokentypes.lexical
urn:cts:greekLit:tlg5026.msA.hmt:18.7@γυμνὸς[2],urn:cite:hmt:tokentypes.lexical
urn:cts:greekLit:tlg5026.msA.hmt:18.7@ἄπεισι[1],urn:cite:hmt:tokentypes.lexical
urn:cts:greekLit:tlg5026.msA.hmt:18.7@μετὰ[2],urn:cite:hmt:tokentypes.lexical
urn:cts:greekLit:tlg5026.msA.hmt:18.7@τῶν[4],urn:cite:hmt:tokentypes.lexical
urn:cts:greekLit:tlg5026.msA.hmt:18.7@όπλῶν[1],urn:cite:hmt:tokentypes.lexical
urn:cts:greekLit:tlg5026.msA.hmt:18.7@ταῖς[1],urn:cite:hmt:tokentypes.lexical
urn:cts:greekLit:tlg5026.msA.hmt:18.7@συμφοραῖς[1],urn:cite:hmt:tokentypes.lexical
urn:cts:greekLit:tlg5026.msA.hmt:18.7@ἐμπομπευειν[1],urn:cite:hmt:tokentypes.lexical
urn:cts:greekLit:tlg5026.msA.hmt:18.7@παραιτουμένος[1],urn:cite:hmt:tokentypes.lexical
urn:cts:greekLit:tlg5026.msA.hmt:18.7@ἤ[1],urn:cite:hmt:tokentypes.lexical
urn:cts:greekLit:tlg5026.msA.hmt:18.7@δια[1],urn:cite:hmt:tokentypes.lexical
urn:cts:greekLit:tlg5026.msA.hmt:18.7@τὸ[1],urn:cite:hmt:tokentypes.lexical
urn:cts:greekLit:tlg5026.msA.hmt:18.7@μη[1],urn:cite:hmt:tokentypes.lexical
urn:cts:greekLit:tlg5026.msA.hmt:18.7@βαρουμενον[1],urn:cite:hmt:tokentypes.lexical
urn:cts:greekLit:tlg5026.msA.hmt:18.7@τοῖς[1],urn:cite:hmt:tokentypes.lexical
urn:cts:greekLit:tlg5026.msA.hmt:18.7@ὅπλοῖς[1],urn:cite:hmt:tokentypes.lexical
urn:cts:greekLit:tlg5026.msA.hmt:18.7@χρονίσαι[1],urn:cite:hmt:tokentypes.lexical
urn:cts:greekLit:tlg5026.msA.hmt:18.7@ἐν[1],urn:cite:hmt:tokentypes.lexical
urn:cts:greekLit:tlg5026.msA.hmt:18.7@τῇ[1],urn:cite:hmt:tokentypes.lexical
urn:cts:greekLit:tlg5026.msA.hmt:18.7@οδῷ[1],urn:cite:hmt:tokentypes.lexical
urn:cts:greekLit:tlg5026.msA.hmt:18.7@⁑[1],urn:cite:hmt:tokentypes.lexical
urn:cts:greekLit:tlg5026.msA.hmt:18.8@Μυρμιδόνων[1],urn:cite:hmt:tokentypes.lexical
urn:cts:greekLit:tlg5026.msA.hmt:18.8@τὸν[1],urn:cite:hmt:tokentypes.lexical
urn:cts:greekLit:tlg5026.msA.hmt:18.8@ἄριστον:[1],urn:cite:hmt:tokentypes.lexical
urn:cts:greekLit:tlg5026.msA.hmt:18.8@χερσὶν[1],urn:cite:hmt:tokentypes.lexical
urn:cts:greekLit:tlg5026.msA.hmt:18.8@ὑπο[1],urn:cite:hmt:tokentypes.lexical
urn:cts:greekLit:tlg5026.msA.hmt:18.8@Τρώων[1],urn:cite:hmt:tokentypes.lexical
urn:cts:greekLit:tlg5026.msA.hmt:18.8@[1],urn:cite:hmt:tokentypes.lexical
urn:cts:greekLit:tlg5026.msA.hmt:18.8@ἐν[1],urn:cite:hmt:tokentypes.lexical
urn:cts:greekLit:tlg5026.msA.hmt:18.8@τῇ[1],urn:cite:hmt:tokentypes.lexical
urn:cts:greekLit:tlg5026.msA.hmt:18.8@Ριανοῦ[1],urn:cite:hmt:pers.pers85
urn:cts:greekLit:tlg5026.msA.hmt:18.8@[2],urn:cite:hmt:tokentypes.lexical
urn:cts:greekLit:tlg5026.msA.hmt:18.8@οὐκ[1],urn:cite:hmt:tokentypes.lexical
urn:cts:greekLit:tlg5026.msA.hmt:18.8@ῆσαν[1],urn:cite:hmt:tokentypes.lexical
urn:cts:greekLit:tlg5026.msA.hmt:18.8@οἱ[1],urn:cite:hmt:tokentypes.lexical
urn:cts:greekLit:tlg5026.msA.hmt:18.8@β[1],urn:cite:hmt:tokentypes.numeric
urn:cts:greekLit:tlg5026.msA.hmt:18.8@[3],urn:cite:hmt:tokentypes.lexical
urn:cts:greekLit:tlg5026.msA.hmt:18.8@ἴσως[1],urn:cite:hmt:tokentypes.lexical
urn:cts:greekLit:tlg5026.msA.hmt:18.8@ἐπεὶ[1],urn:cite:hmt:tokentypes.lexical
urn:cts:greekLit:tlg5026.msA.hmt:18.8@οὐκ[2],urn:cite:hmt:tokentypes.lexical
urn:cts:greekLit:tlg5026.msA.hmt:18.8@ῆν[1],urn:cite:hmt:tokentypes.lexical
urn:cts:greekLit:tlg5026.msA.hmt:18.8@Μυρμιδόνων[2],urn:cite:hmt:tokentypes.lexical
urn:cts:greekLit:tlg5026.msA.hmt:18.8@ὁ[1],urn:cite:hmt:tokentypes.lexical
urn:cts:greekLit:tlg5026.msA.hmt:18.8@Πατροκλος[1],urn:cite:hmt:pers.pers158
urn:cts:greekLit:tlg5026.msA.hmt:18.8@Λοκρὸς[1],urn:cite:hmt:place.place270
urn:cts:greekLit:tlg5026.msA.hmt:18.8@[4],urn:cite:hmt:tokentypes.lexical
urn:cts:greekLit:tlg5026.msA.hmt:18.8@γὰρ[1],urn:cite:hmt:tokentypes.lexical
urn:cts:greekLit:tlg5026.msA.hmt:18.8@ἢν[1],urn:cite:hmt:tokentypes.lexical
urn:cts:greekLit:tlg5026.msA.hmt:18.8@ἐξ[1],urn:cite:hmt:tokentypes.lexical
urn:cts:greekLit:tlg5026.msA.hmt:18.8@Οποῦντος[1],urn:cite:hmt:place.place270
urn:cts:greekLit:tlg5026.msA.hmt:18.8@,[1],urn:cite:hmt:tokentypes.lexical
urn:cts:greekLit:tlg5026.msA.hmt:18.8@δεῖν[1],urn:cite:hmt:tokentypes.lexical
urn:cts:greekLit:tlg5026.msA.hmt:18.8@δέ[1],urn:cite:hmt:tokentypes.lexical
urn:cts:greekLit:tlg5026.msA.hmt:18.8@φησιν[1],urn:cite:hmt:tokentypes.lexical
urn:cts:greekLit:tlg5026.msA.hmt:18.8@ὁ[2],urn:cite:hmt:tokentypes.lexical
urn:cts:greekLit:tlg5026.msA.hmt:18.8@Ἀρίσταρχος[1],urn:cite:hmt:pers.pers16
urn:cts:greekLit:tlg5026.msA.hmt:18.8@οὕτως[1],urn:cite:hmt:tokentypes.lexical
urn:cts:greekLit:tlg5026.msA.hmt:18.8@αὐτὸ[1],urn:cite:hmt:tokentypes.lexical
urn:cts:greekLit:tlg5026.msA.hmt:18.8@[5],urn:cite:hmt:tokentypes.lexical
urn:cts:greekLit:tlg5026.msA.hmt:18.8@παραδέχεσθαι,[1],urn:cite:hmt:tokentypes.lexical
urn:cts:greekLit:tlg5026.msA.hmt:18.8@τὸν[2],urn:cite:hmt:tokentypes.lexical
urn:cts:greekLit:tlg5026.msA.hmt:18.8@μετ[1],urn:cite:hmt:tokentypes.lexical
urn:cts:greekLit:tlg5026.msA.hmt:18.8@αυτὸν[1],urn:cite:hmt:tokentypes.lexical
urn:cts:greekLit:tlg5026.msA.hmt:18.8@ἄριστον[1],urn:cite:hmt:tokentypes.lexical
urn:cts:greekLit:tlg5026.msA.hmt:18.8@τῶν[1],urn:cite:hmt:tokentypes.lexical
urn:cts:greekLit:tlg5026.msA.hmt:18.8@Μυρμιδόνων·[1],urn:cite:hmt:tokentypes.lexical
urn:cts:greekLit:tlg5026.msA.hmt:18.8@καὶ[1],urn:cite:hmt:tokentypes.lexical
urn:cts:greekLit:tlg5026.msA.hmt:18.8@κατά[1],urn:cite:hmt:tokentypes.lexical
urn:cts:greekLit:tlg5026.msA.hmt:18.8@τινας[1],urn:cite:hmt:tokentypes.lexical
urn:cts:greekLit:tlg5026.msA.hmt:18.8@δὲ[1],urn:cite:hmt:tokentypes.lexical
urn:cts:greekLit:tlg5026.msA.hmt:18.8@τῶν[2],urn:cite:hmt:tokentypes.lexical
urn:cts:greekLit:tlg5026.msA.hmt:18.8@μεθ[1],urn:cite:hmt:tokentypes.lexical
urn:cts:greekLit:tlg5026.msA.hmt:18.8@Ὅμηρον[1],urn:cite:hmt:pers.pers17
urn:cts:greekLit:tlg5026.msA.hmt:18.8@Ἄκτωρ[1],urn:cite:hmt:pers.pers943
urn:cts:greekLit:tlg5026.msA.hmt:18.8@[6],urn:cite:hmt:tokentypes.lexical
urn:cts:greekLit:tlg5026.msA.hmt:18.8@ὁ[3],urn:cite:hmt:tokentypes.lexical
urn:cts:greekLit:tlg5026.msA.hmt:18.8@πατὴρ[1],urn:cite:hmt:tokentypes.lexical
urn:cts:greekLit:tlg5026.msA.hmt:18.8@[7],urn:cite:hmt:tokentypes.lexical
urn:cts:greekLit:tlg5026.msA.hmt:18.8@τοῦ[1],urn:cite:hmt:tokentypes.lexical
urn:cts:greekLit:tlg5026.msA.hmt:18.8@Μενοιτίου[1],urn:cite:hmt:pers.pers504
urn:cts:greekLit:tlg5026.msA.hmt:18.8@[8],urn:cite:hmt:tokentypes.lexical
urn:cts:greekLit:tlg5026.msA.hmt:18.8@λέγεται[1],urn:cite:hmt:tokentypes.lexical
urn:cts:greekLit:tlg5026.msA.hmt:18.8@λαβεῖν[1],urn:cite:hmt:tokentypes.lexical
urn:cts:greekLit:tlg5026.msA.hmt:18.8@Αἴγιναν[1],urn:cite:hmt:place.place101
urn:cts:greekLit:tlg5026.msA.hmt:18.8@[9],urn:cite:hmt:tokentypes.lexical
urn:cts:greekLit:tlg5026.msA.hmt:18.8@ἐκ[1],urn:cite:hmt:tokentypes.lexical
urn:cts:greekLit:tlg5026.msA.hmt:18.8@ταύτης[1],urn:cite:hmt:tokentypes.lexical
urn:cts:greekLit:tlg5026.msA.hmt:18.8@δὲ[2],urn:cite:hmt:tokentypes.lexical
urn:cts:greekLit:tlg5026.msA.hmt:18.8@γενέσθαι[1],urn:cite:hmt:tokentypes.lexical
urn:cts:greekLit:tlg5026.msA.hmt:18.8@Μενοίτιον[1],urn:cite:hmt:pers.pers504
urn:cts:greekLit:tlg5026.msA.hmt:18.8@[10],urn:cite:hmt:tokentypes.lexical
urn:cts:greekLit:tlg5026.msA.hmt:18.8@καὶ[2],urn:cite:hmt:tokentypes.lexical
urn:cts:greekLit:tlg5026.msA.hmt:18.8@οἰκῆσαι[1],urn:cite:hmt:tokentypes.lexical
urn:cts:greekLit:tlg5026.msA.hmt:18.8@ἐν[2],urn:cite:hmt:tokentypes.lexical
urn:cts:greekLit:tlg5026.msA.hmt:18.8@Ὀποῦντι[1],urn:cite:hmt:place.place270
urn:cts:greekLit:tlg5026.msA.hmt:18.8@[11],urn:cite:hmt:tokentypes.lexical
urn:cts:greekLit:tlg5026.msA.hmt:18.8@οὕτως[2],urn:cite:hmt:tokentypes.lexical
urn:cts:greekLit:tlg5026.msA.hmt:18.8@οὖν[1],urn:cite:hmt:tokentypes.lexical
urn:cts:greekLit:tlg5026.msA.hmt:18.8@γίνεται[1],urn:cite:hmt:tokentypes.lexical
urn:cts:greekLit:tlg5026.msA.hmt:18.8@τὸ[1],urn:cite:hmt:tokentypes.lexical
urn:cts:greekLit:tlg5026.msA.hmt:18.8@ἀνέκαθεν[1],urn:cite:hmt:tokentypes.lexical
urn:cts:greekLit:tlg5026.msA.hmt:18.8@Μυρμιδὼν[1],urn:cite:hmt:tokentypes.lexical
urn:cts:greekLit:tlg5026.msA.hmt:18.8@ὁ[4],urn:cite:hmt:tokentypes.lexical
urn:cts:greekLit:tlg5026.msA.hmt:18.8@Πάτροκλος[1],urn:cite:hmt:pers.pers158
urn:cts:greekLit:tlg5026.msA.hmt:18.8@·[1],urn:cite:hmt:tokentypes.lexical
urn:cts:greekLit:tlg5026.msA.hmt:18.8@δύναται[1],urn:cite:hmt:tokentypes.lexical
urn:cts:greekLit:tlg5026.msA.hmt:18.8@δὲ[3],urn:cite:hmt:tokentypes.lexical
urn:cts:greekLit:tlg5026.msA.hmt:18.8@καὶ[3],urn:cite:hmt:tokentypes.lexical
urn:cts:greekLit:tlg5026.msA.hmt:18.8@ἑτέρως[1],urn:cite:hmt:tokentypes.lexical
urn:cts:greekLit:tlg5026.msA.hmt:18.8@Μυρμιδὼν[2],urn:cite:hmt:tokentypes.lexical
urn:cts:greekLit:tlg5026.msA.hmt:18.8@ὁ[5],urn:cite:hmt:tokentypes.lexical
urn:cts:greekLit:tlg5026.msA.hmt:18.8@Πάτροκλος[2],urn:cite:hmt:pers.pers158
urn:cts:greekLit:tlg5026.msA.hmt:18.8@[12],urn:cite:hmt:tokentypes.lexical
urn:cts:greekLit:tlg5026.msA.hmt:18.8@λέγεσθαι[1],urn:cite:hmt:tokentypes.lexical
urn:cts:greekLit:tlg5026.msA.hmt:18.8@διὰ[1],urn:cite:hmt:tokentypes.lexical
urn:cts:greekLit:tlg5026.msA.hmt:18.8@τὸ[2],urn:cite:hmt:tokentypes.lexical
urn:cts:greekLit:tlg5026.msA.hmt:18.8@μετα[1],urn:cite:hmt:tokentypes.lexical
urn:cts:greekLit:tlg5026.msA.hmt:18.8@τὸν[3],urn:cite:hmt:tokentypes.lexical
urn:cts:greekLit:tlg5026.msA.hmt:18.8@Ἀχιλλεα[1],urn:cite:hmt:pers.pers1
urn:cts:greekLit:tlg5026.msA.hmt:18.8@[13],urn:cite:hmt:tokentypes.lexical
urn:cts:greekLit:tlg5026.msA.hmt:18.8@ἡγήσασθαι[1],urn:cite:hmt:tokentypes.lexical
urn:cts:greekLit:tlg5026.msA.hmt:18.8@τῶν[3],urn:cite:hmt:tokentypes.lexical
urn:cts:greekLit:tlg5026.msA.hmt:18.8@Μυρμιδόνων.[1],urn:cite:hmt:tokentypes.lexical
urn:cts:greekLit:tlg5026.msA.hmt:18.8@πῶς[1],urn:cite:hmt:tokentypes.lexical
urn:cts:greekLit:tlg5026.msA.hmt:18.8@δὲ[4],urn:cite:hmt:tokentypes.lexical
urn:cts:greekLit:tlg5026.msA.hmt:18.8@φασί[1],urn:cite:hmt:tokentypes.lexical
urn:cts:greekLit:tlg5026.msA.hmt:18.8@τοῦτο[1],urn:cite:hmt:tokentypes.lexical
urn:cts:greekLit:tlg5026.msA.hmt:18.8@[14],urn:cite:hmt:tokentypes.lexical
urn:cts:greekLit:tlg5026.msA.hmt:18.8@πεπυσμένος[1],urn:cite:hmt:tokentypes.lexical
urn:cts:greekLit:tlg5026.msA.hmt:18.8@παρα[1],urn:cite:hmt:tokentypes.lexical
urn:cts:greekLit:tlg5026.msA.hmt:18.8@τῆς[1],urn:cite:hmt:tokentypes.lexical
urn:cts:greekLit:tlg5026.msA.hmt:18.8@μητρὸς[1],urn:cite:hmt:tokentypes.lexical
urn:cts:greekLit:tlg5026.msA.hmt:18.8@[15],urn:cite:hmt:tokentypes.lexical
urn:cts:greekLit:tlg5026.msA.hmt:18.8@ἔπεμπε[1],urn:cite:hmt:tokentypes.lexical
urn:cts:greekLit:tlg5026.msA.hmt:18.8@τὸν[4],urn:cite:hmt:tokentypes.lexical
urn:cts:greekLit:tlg5026.msA.hmt:18.8@Πάτροκλον[1],urn:cite:hmt:pers.pers158
urn:cts:greekLit:tlg5026.msA.hmt:18.8@[16],urn:cite:hmt:tokentypes.lexical
urn:cts:greekLit:tlg5026.msA.hmt:18.8@εἰς[1],urn:cite:hmt:tokentypes.lexical
urn:cts:greekLit:tlg5026.msA.hmt:18.8@τὸν[5],urn:cite:hmt:tokentypes.lexical
urn:cts:greekLit:tlg5026.msA.hmt:18.8@πόλεμον[1],urn:cite:hmt:tokentypes.lexical
urn:cts:greekLit:tlg5026.msA.hmt:18.8@ὅτι[1],urn:cite:hmt:tokentypes.lexical
urn:cts:greekLit:tlg5026.msA.hmt:18.8@φαίη[1],urn:cite:hmt:tokentypes.lexical
urn:cts:greekLit:tlg5026.msA.hmt:18.8@τίς[1],urn:cite:hmt:tokentypes.lexical
urn:cts:greekLit:tlg5026.msA.hmt:18.8@ἄν[1],urn:cite:hmt:tokentypes.lexical
urn:cts:greekLit:tlg5026.msA.hmt:18.8@οὔτε[1],urn:cite:hmt:tokentypes.lexical
urn:cts:greekLit:tlg5026.msA.hmt:18.8@τούνομα[1],urn:cite:hmt:tokentypes.lexical
urn:cts:greekLit:tlg5026.msA.hmt:18.8@σαφῶς[1],urn:cite:hmt:tokentypes.lexical
urn:cts:greekLit:tlg5026.msA.hmt:18.8@εῖπεν[1],urn:cite:hmt:tokentypes.lexical
urn:cts:greekLit:tlg5026.msA.hmt:18.8@οὔτε[2],urn:cite:hmt:tokentypes.lexical
urn:cts:greekLit:tlg5026.msA.hmt:18.8@τὸν[6],urn:cite:hmt:tokentypes.lexical
urn:cts:greekLit:tlg5026.msA.hmt:18.8@χρόνον[1],urn:cite:hmt:tokentypes.lexical
urn:cts:greekLit:tlg5026.msA.hmt:18.8@παρά[1],urn:cite:hmt:tokentypes.lexical
urn:cts:greekLit:tlg5026.msA.hmt:18.8@τε[1],urn:cite:hmt:tokentypes.lexical
urn:cts:greekLit:tlg5026.msA.hmt:18.8@τὸν[7],urn:cite:hmt:tokentypes.lexical
urn:cts:greekLit:tlg5026.msA.hmt:18.8@καιρὸν[1],urn:cite:hmt:tokentypes.lexical
urn:cts:greekLit:tlg5026.msA.hmt:18.8@λήθη[1],urn:cite:hmt:tokentypes.lexical
urn:cts:greekLit:tlg5026.msA.hmt:18.8@γίνεται[2],urn:cite:hmt:tokentypes.lexical
urn:cts:greekLit:tlg5026.msA.hmt:18.8@τῶν[4],urn:cite:hmt:tokentypes.lexical
urn:cts:greekLit:tlg5026.msA.hmt:18.8@τοιούτων[1],urn:cite:hmt:tokentypes.lexical
urn:cts:greekLit:tlg5026.msA.hmt:18.8@ὅταν[1],urn:cite:hmt:tokentypes.lexical
urn:cts:greekLit:tlg5026.msA.hmt:18.8@δὲ[5],urn:cite:hmt:tokentypes.lexical
urn:cts:greekLit:tlg5026.msA.hmt:18.8@αποβῆ[1],urn:cite:hmt:tokentypes.lexical
urn:cts:greekLit:tlg5026.msA.hmt:18.8@μιμνήσκονται[1],urn:cite:hmt:tokentypes.lexical
urn:cts:greekLit:tlg5026.msA.hmt:18.8@⁑[1],urn:cite:hmt:tokentypes.lexical
urn:cts:greekLit:tlg5026.msA.hmt:18.9@ἄλλως[1],urn:cite:hmt:tokentypes.lexical
urn:cts:greekLit:tlg5026.msA.hmt:18.9@[1],urn:cite:hmt:tokentypes.lexical
urn:cts:greekLit:tlg5026.msA.hmt:18.9@χαρίεν[1],urn:cite:hmt:tokentypes.lexical
urn:cts:greekLit:tlg5026.msA.hmt:18.9@τούτῳ[1],urn:cite:hmt:tokentypes.lexical
urn:cts:greekLit:tlg5026.msA.hmt:18.9@τῷ[1],urn:cite:hmt:tokentypes.lexical
urn:cts:greekLit:tlg5026.msA.hmt:18.9@τρόπῳ[1],urn:cite:hmt:tokentypes.lexical
urn:cts:greekLit:tlg5026.msA.hmt:18.9@προειπεῖν[1],urn:cite:hmt:tokentypes.lexical
urn:cts:greekLit:tlg5026.msA.hmt:18.9@τὴν[1],urn:cite:hmt:tokentypes.lexical
urn:cts:greekLit:tlg5026.msA.hmt:18.9@Θέτιν[1],urn:cite:hmt:pers.pers19
urn:cts:greekLit:tlg5026.msA.hmt:18.9@,[1],urn:cite:hmt:tokentypes.lexical
urn:cts:greekLit:tlg5026.msA.hmt:18.9@οὐ[1],urn:cite:hmt:tokentypes.lexical
urn:cts:greekLit:tlg5026.msA.hmt:18.9@γὰρ[1],urn:cite:hmt:tokentypes.lexical
urn:cts:greekLit:tlg5026.msA.hmt:18.9@ἐβούλετο[1],urn:cite:hmt:tokentypes.lexical
urn:cts:greekLit:tlg5026.msA.hmt:18.9@τὸ[1],urn:cite:hmt:tokentypes.lexical
urn:cts:greekLit:tlg5026.msA.hmt:18.9@μέλλον[1],urn:cite:hmt:tokentypes.lexical
urn:cts:greekLit:tlg5026.msA.hmt:18.9@ἐπιτελεσθῆναι[1],urn:cite:hmt:tokentypes.lexical
urn:cts:greekLit:tlg5026.msA.hmt:18.9@πάντως[1],urn:cite:hmt:tokentypes.lexical
urn:cts:greekLit:tlg5026.msA.hmt:18.9@ἐκ[1],urn:cite:hmt:tokentypes.lexical
urn:cts:greekLit:tlg5026.msA.hmt:18.9@πολλοῦ[1],urn:cite:hmt:tokentypes.lexical
urn:cts:greekLit:tlg5026.msA.hmt:18.9@προειποῦσα[1],urn:cite:hmt:tokentypes.lexical
urn:cts:greekLit:tlg5026.msA.hmt:18.9@λυπεῖν[1],urn:cite:hmt:tokentypes.lexical
urn:cts:greekLit:tlg5026.msA.hmt:18.9@τὸν[1],urn:cite:hmt:tokentypes.lexical
urn:cts:greekLit:tlg5026.msA.hmt:18.9@υἱὸν,[1],urn:cite:hmt:tokentypes.lexical
urn:cts:greekLit:tlg5026.msA.hmt:18.9@ἐπίτηδες[1],urn:cite:hmt:tokentypes.lexical
urn:cts:greekLit:tlg5026.msA.hmt:18.9@δὲ[1],urn:cite:hmt:tokentypes.lexical
urn:cts:greekLit:tlg5026.msA.hmt:18.9@εἰπεῖν[1],urn:cite:hmt:tokentypes.lexical
urn:cts:greekLit:tlg5026.msA.hmt:18.9@τὸ[2],urn:cite:hmt:tokentypes.lexical
urn:cts:greekLit:tlg5026.msA.hmt:18.9@Μυρμιδόνων[1],urn:cite:hmt:tokentypes.lexical
urn:cts:greekLit:tlg5026.msA.hmt:18.9@τὸν[2],urn:cite:hmt:tokentypes.lexical
urn:cts:greekLit:tlg5026.msA.hmt:18.9@ἄριστον[1],urn:cite:hmt:tokentypes.lexical
urn:cts:greekLit:tlg5026.msA.hmt:18.9@[2],urn:cite:hmt:tokentypes.lexical
urn:cts:greekLit:tlg5026.msA.hmt:18.9@ἵνα[1],urn:cite:hmt:tokentypes.lexical
urn:cts:greekLit:tlg5026.msA.hmt:18.9@μὴ[1],urn:cite:hmt:tokentypes.lexical
urn:cts:greekLit:tlg5026.msA.hmt:18.9@φανερῶς[1],urn:cite:hmt:tokentypes.lexical
urn:cts:greekLit:tlg5026.msA.hmt:18.9@εἴπη[1],urn:cite:hmt:tokentypes.lexical
urn:cts:greekLit:tlg5026.msA.hmt:18.9@τὸν[3],urn:cite:hmt:tokentypes.lexical
urn:cts:greekLit:tlg5026.msA.hmt:18.9@Πάτροκλον[1],urn:cite:hmt:pers.pers158
urn:cts:greekLit:tlg5026.msA.hmt:18.9@[3],urn:cite:hmt:tokentypes.lexical
urn:cts:greekLit:tlg5026.msA.hmt:18.9@⁑[1],urn:cite:hmt:tokentypes.lexical
urn:cts:greekLit:tlg5026.msA.hmt:18.10@Μυρμιδόνων[1],urn:cite:hmt:tokentypes.lexical
urn:cts:greekLit:tlg5026.msA.hmt:18.10@τὸν[1],urn:cite:hmt:tokentypes.lexical
urn:cts:greekLit:tlg5026.msA.hmt:18.10@ἄριστον,[1],urn:cite:hmt:tokentypes.lexical
urn:cts:greekLit:tlg5026.msA.hmt:18.10@ἡ[1],urn:cite:hmt:tokentypes.lexical
urn:cts:greekLit:tlg5026.msA.hmt:18.10@διπλῆ[1],urn:cite:hmt:tokentypes.lexical
urn:cts:greekLit:tlg5026.msA.hmt:18.10@πρὸς[1],urn:cite:hmt:tokentypes.lexical
urn:cts:greekLit:tlg5026.msA.hmt:18.10@τὸ[1],urn:cite:hmt:tokentypes.lexical
urn:cts:greekLit:tlg5026.msA.hmt:18.10@ἀμφίβολον[1],urn:cite:hmt:tokentypes.lexical
urn:cts:greekLit:tlg5026.msA.hmt:18.10@πῶς[1],urn:cite:hmt:tokentypes.lexical
urn:cts:greekLit:tlg5026.msA.hmt:18.10@Μυρμιδόνων[2],urn:cite:hmt:tokentypes.lexical
urn:cts:greekLit:tlg5026.msA.hmt:18.10@ἄριστον[1],urn:cite:hmt:tokentypes.lexical
urn:cts:greekLit:tlg5026.msA.hmt:18.10@λέγει[1],urn:cite:hmt:tokentypes.lexical
urn:cts:greekLit:tlg5026.msA.hmt:18.10@[1],urn:cite:hmt:tokentypes.lexical
urn:cts:greekLit:tlg5026.msA.hmt:18.10@τὸν[2],urn:cite:hmt:tokentypes.lexical
urn:cts:greekLit:tlg5026.msA.hmt:18.10@Πάτροκλον[1],urn:cite:hmt:pers.pers158
urn:cts:greekLit:tlg5026.msA.hmt:18.10@Λοκρὸν[1],urn:cite:hmt:place.place270
urn:cts:greekLit:tlg5026.msA.hmt:18.10@[2],urn:cite:hmt:tokentypes.lexical
urn:cts:greekLit:tlg5026.msA.hmt:18.10@οντα[1],urn:cite:hmt:tokentypes.lexical
urn:cts:greekLit:tlg5026.msA.hmt:18.10@⁑[1],urn:cite:hmt:tokentypes.lexical
urn:cts:greekLit:tlg5026.msA.hmt:18.11@ῆ[1],urn:cite:hmt:tokentypes.lexical
urn:cts:greekLit:tlg5026.msA.hmt:18.11@μάλα[1],urn:cite:hmt:tokentypes.lexical
urn:cts:greekLit:tlg5026.msA.hmt:18.11@δὴ[1],urn:cite:hmt:tokentypes.lexical
urn:cts:greekLit:tlg5026.msA.hmt:18.11@τέθνηκε[1],urn:cite:hmt:tokentypes.lexical
urn:cts:greekLit:tlg5026.msA.hmt:18.11@μάλιστα[1],urn:cite:hmt:tokentypes.lexical
urn:cts:greekLit:tlg5026.msA.hmt:18.11@τῆ[1],urn:cite:hmt:tokentypes.lexical
urn:cts:greekLit:tlg5026.msA.hmt:18.11@διανοιᾳ[1],urn:cite:hmt:tokentypes.lexical
urn:cts:greekLit:tlg5026.msA.hmt:18.11@κατείληφεν[1],urn:cite:hmt:tokentypes.lexical
urn:cts:greekLit:tlg5026.msA.hmt:18.11@ὅτι[1],urn:cite:hmt:tokentypes.lexical
urn:cts:greekLit:tlg5026.msA.hmt:18.11@τέθνηκεν[1],urn:cite:hmt:tokentypes.lexical
urn:cts:greekLit:tlg5026.msA.hmt:18.11@εκ[1],urn:cite:hmt:tokentypes.lexical
urn:cts:greekLit:tlg5026.msA.hmt:18.11@τοῦ[1],urn:cite:hmt:tokentypes.lexical
urn:cts:greekLit:tlg5026.msA.hmt:18.11@βίου[1],urn:cite:hmt:tokentypes.lexical
urn:cts:greekLit:tlg5026.msA.hmt:18.11@δὲ[1],urn:cite:hmt:tokentypes.lexical
urn:cts:greekLit:tlg5026.msA.hmt:18.11@τὸ[1],urn:cite:hmt:tokentypes.lexical
urn:cts:greekLit:tlg5026.msA.hmt:18.11@πάθος[1],urn:cite:hmt:tokentypes.lexical
urn:cts:greekLit:tlg5026.msA.hmt:18.11@εἵλκυσε[1],urn:cite:hmt:tokentypes.lexical
urn:cts:greekLit:tlg5026.msA.hmt:18.11@δεινοὶ[1],urn:cite:hmt:tokentypes.lexical
urn:cts:greekLit:tlg5026.msA.hmt:18.11@γὰρ[1],urn:cite:hmt:tokentypes.lexical
urn:cts:greekLit:tlg5026.msA.hmt:18.11@ἀεὶ[1],urn:cite:hmt:tokentypes.lexical
urn:cts:greekLit:tlg5026.msA.hmt:18.11@τὸ[2],urn:cite:hmt:tokentypes.lexical
urn:cts:greekLit:tlg5026.msA.hmt:18.11@χεῖρον[1],urn:cite:hmt:tokentypes.lexical
urn:cts:greekLit:tlg5026.msA.hmt:18.11@εικαζειν[1],urn:cite:hmt:tokentypes.lexical
urn:cts:greekLit:tlg5026.msA.hmt:18.11@οἱ[1],urn:cite:hmt:tokentypes.lexical
urn:cts:greekLit:tlg5026.msA.hmt:18.11@στέργοντες[1],urn:cite:hmt:tokentypes.lexical
urn:cts:greekLit:tlg5026.msA.hmt:18.11@⁑[1],urn:cite:hmt:tokentypes.lexical
urn:cts:greekLit:tlg5026.msA.hmt:18.12@νῆας[1],urn:cite:hmt:tokentypes.lexical
urn:cts:greekLit:tlg5026.msA.hmt:18.12@ἐπ[1],urn:cite:hmt:tokentypes.lexical
urn:cts:greekLit:tlg5026.msA.hmt:18.12@άψ[1],urn:cite:hmt:tokentypes.lexical
urn:cts:greekLit:tlg5026.msA.hmt:18.12@ἰ̈έναι·[1],urn:cite:hmt:tokentypes.lexical
urn:cts:greekLit:tlg5026.msA.hmt:18.12@ἀψ[1],urn:cite:hmt:tokentypes.lexical
urn:cts:greekLit:tlg5026.msA.hmt:18.12@ἐπι[1],urn:cite:hmt:tokentypes.lexical
urn:cts:greekLit:tlg5026.msA.hmt:18.12@νηας[1],urn:cite:hmt:tokentypes.lexical
urn:cts:greekLit:tlg5026.msA.hmt:18.12@ϊέναι[1],urn:cite:hmt:tokentypes.lexical
urn:cts:greekLit:tlg5026.msA.hmt:18.12@[1],urn:cite:hmt:tokentypes.lexical
urn:cts:greekLit:tlg5026.msA.hmt:18.12@οὕτως[1],urn:cite:hmt:tokentypes.lexical
urn:cts:greekLit:tlg5026.msA.hmt:18.12@ἡ[1],urn:cite:hmt:tokentypes.lexical
urn:cts:greekLit:tlg5026.msA.hmt:18.12@Ἀρισταρχου[1],urn:cite:hmt:pers.pers16
urn:cts:greekLit:tlg5026.msA.hmt:18.12@.[1],urn:cite:hmt:tokentypes.lexical
urn:cts:greekLit:tlg5026.msA.hmt:18.12@ἐπ[2],urn:cite:hmt:tokentypes.lexical
urn:cts:greekLit:tlg5026.msA.hmt:18.12@ἐνίαις[1],urn:cite:hmt:tokentypes.lexical
urn:cts:greekLit:tlg5026.msA.hmt:18.12@δὲ[1],urn:cite:hmt:tokentypes.lexical
urn:cts:greekLit:tlg5026.msA.hmt:18.12@φαύλως[1],urn:cite:hmt:tokentypes.lexical
urn:cts:greekLit:tlg5026.msA.hmt:18.12@νηας[2],urn:cite:hmt:tokentypes.lexical
urn:cts:greekLit:tlg5026.msA.hmt:18.12@ἐπ[3],urn:cite:hmt:tokentypes.lexical
urn:cts:greekLit:tlg5026.msA.hmt:18.12@ὰψ[1],urn:cite:hmt:tokentypes.lexical
urn:cts:greekLit:tlg5026.msA.hmt:18.12@ϊέναι:[1],urn:cite:hmt:tokentypes.lexical
urn:cts:greekLit:tlg5026.msA.hmt:18.13@δάκρυα[1],urn:cite:hmt:tokentypes.lexical
urn:cts:greekLit:tlg5026.msA.hmt:18.13@θερμὰ[1],urn:cite:hmt:tokentypes.lexical
urn:cts:greekLit:tlg5026.msA.hmt:18.13@χεων:[1],urn:cite:hmt:tokentypes.lexical
urn:cts:greekLit:tlg5026.msA.hmt:18.13@ἵνα[1],urn:cite:hmt:tokentypes.lexical
urn:cts:greekLit:tlg5026.msA.hmt:18.13@πλησιον[1],urn:cite:hmt:tokentypes.lexical
urn:cts:greekLit:tlg5026.msA.hmt:18.13@γένηται[1],urn:cite:hmt:tokentypes.lexical
urn:cts:greekLit:tlg5026.msA.hmt:18.13@τῆς[1],urn:cite:hmt:tokentypes.lexical
urn:cts:greekLit:tlg5026.msA.hmt:18.13@ὑπονοιας[1],urn:cite:hmt:tokentypes.lexical
urn:cts:greekLit:tlg5026.msA.hmt:18.13@Ἀχιλλεὺς[1],urn:cite:hmt:pers.pers1
urn:cts:greekLit:tlg5026.msA.hmt:18.13@[1],urn:cite:hmt:tokentypes.lexical
urn:cts:greekLit:tlg5026.msA.hmt:18.13@καὶ[1],urn:cite:hmt:tokentypes.lexical
urn:cts:greekLit:tlg5026.msA.hmt:18.13@μὴ[1],urn:cite:hmt:tokentypes.lexical
urn:cts:greekLit:tlg5026.msA.hmt:18.13@περιμείνῃ[1],urn:cite:hmt:tokentypes.lexical
urn:cts:greekLit:tlg5026.msA.hmt:18.13@τὴν[1],urn:cite:hmt:tokentypes.lexical
urn:cts:greekLit:tlg5026.msA.hmt:18.13@ἀγγελιαν[1],urn:cite:hmt:tokentypes.lexical
urn:cts:greekLit:tlg5026.msA.hmt:18.13@⁑[1],urn:cite:hmt:tokentypes.lexical
urn:cts:greekLit:tlg5026.msA.hmt:18.14@ᾥ[1],urn:cite:hmt:tokentypes.lexical
urn:cts:greekLit:tlg5026.msA.hmt:18.14@μοι[1],urn:cite:hmt:tokentypes.lexical
urn:cts:greekLit:tlg5026.msA.hmt:18.14@Πηλέος[1],urn:cite:hmt:pers.pers184
urn:cts:greekLit:tlg5026.msA.hmt:18.14@[1],urn:cite:hmt:tokentypes.lexical
urn:cts:greekLit:tlg5026.msA.hmt:18.14@ὑιε:[1],urn:cite:hmt:tokentypes.lexical
urn:cts:greekLit:tlg5026.msA.hmt:18.14@δεξιῶς[1],urn:cite:hmt:tokentypes.lexical
urn:cts:greekLit:tlg5026.msA.hmt:18.14@πάνυ[1],urn:cite:hmt:tokentypes.lexical
urn:cts:greekLit:tlg5026.msA.hmt:18.14@ὁ[1],urn:cite:hmt:tokentypes.lexical
urn:cts:greekLit:tlg5026.msA.hmt:18.14@Ἀντίλοχος[1],urn:cite:hmt:pers.pers712
urn:cts:greekLit:tlg5026.msA.hmt:18.14@[2],urn:cite:hmt:tokentypes.lexical
urn:cts:greekLit:tlg5026.msA.hmt:18.14@οὔτε[1],urn:cite:hmt:tokentypes.lexical
urn:cts:greekLit:tlg5026.msA.hmt:18.14@τὸν[1],urn:cite:hmt:tokentypes.lexical
urn:cts:greekLit:tlg5026.msA.hmt:18.14@τελευτήσαντα[1],urn:cite:hmt:tokentypes.lexical
urn:cts:greekLit:tlg5026.msA.hmt:18.14@κατοικτίζεται[1],urn:cite:hmt:tokentypes.lexical
urn:cts:greekLit:tlg5026.msA.hmt:18.14@οὔτε[2],urn:cite:hmt:tokentypes.lexical
urn:cts:greekLit:tlg5026.msA.hmt:18.14@τὸν[2],urn:cite:hmt:tokentypes.lexical
urn:cts:greekLit:tlg5026.msA.hmt:18.14@Ἀχιλλέα[1],urn:cite:hmt:pers.pers1
urn:cts:greekLit:tlg5026.msA.hmt:18.14@·[1],urn:cite:hmt:tokentypes.lexical
urn:cts:greekLit:tlg5026.msA.hmt:18.14@εἰς[1],urn:cite:hmt:tokentypes.lexical
urn:cts:greekLit:tlg5026.msA.hmt:18.14@ἑαυτὸν[1],urn:cite:hmt:tokentypes.lexical
urn:cts:greekLit:tlg5026.msA.hmt:18.14@δὲ[1],urn:cite:hmt:tokentypes.lexical
urn:cts:greekLit:tlg5026.msA.hmt:18.14@τὴν[1],urn:cite:hmt:tokentypes.lexical
urn:cts:greekLit:tlg5026.msA.hmt:18.14@συμφορὰν[1],urn:cite:hmt:tokentypes.lexical
urn:cts:greekLit:tlg5026.msA.hmt:18.14@ἐπενεγκὼν[1],urn:cite:hmt:tokentypes.lexical
urn:cts:greekLit:tlg5026.msA.hmt:18.14@ηὔξησε[1],urn:cite:hmt:tokentypes.lexical
urn:cts:greekLit:tlg5026.msA.hmt:18.14@τὸ[1],urn:cite:hmt:tokentypes.lexical
urn:cts:greekLit:tlg5026.msA.hmt:18.14@πάθος[1],urn:cite:hmt:tokentypes.lexical
urn:cts:greekLit:tlg5026.msA.hmt:18.14@[3],urn:cite:hmt:tokentypes.lexical
urn:cts:greekLit:tlg5026.msA.hmt:18.14@⁑[1],urn:cite:hmt:tokentypes.lexical
urn:cts:greekLit:tlg5026.msA.hmt:18.15@γυμνοῦ[1],urn:cite:hmt:tokentypes.lexical
urn:cts:greekLit:tlg5026.msA.hmt:18.15@ἀτὰρ[1],urn:cite:hmt:tokentypes.lexical
urn:cts:greekLit:tlg5026.msA.hmt:18.15@τά[1],urn:cite:hmt:tokentypes.lexical
urn:cts:greekLit:tlg5026.msA.hmt:18.15@γε.[1],urn:cite:hmt:tokentypes.lexical
urn:cts:greekLit:tlg5026.msA.hmt:18.15@δεδήλωκε[1],urn:cite:hmt:tokentypes.lexical
urn:cts:greekLit:tlg5026.msA.hmt:18.15@μετὰ[1],urn:cite:hmt:tokentypes.lexical
urn:cts:greekLit:tlg5026.msA.hmt:18.15@συντομιας[1],urn:cite:hmt:tokentypes.lexical
urn:cts:greekLit:tlg5026.msA.hmt:18.15@τὸ[1],urn:cite:hmt:tokentypes.lexical
urn:cts:greekLit:tlg5026.msA.hmt:18.15@γεγενημενον[1],urn:cite:hmt:tokentypes.lexical
urn:cts:greekLit:tlg5026.msA.hmt:18.15@πρᾶγμα[1],urn:cite:hmt:tokentypes.lexical
urn:cts:greekLit:tlg5026.msA.hmt:18.15@ἀναγκαιως[1],urn:cite:hmt:tokentypes.lexical
urn:cts:greekLit:tlg5026.msA.hmt:18.15@δὲ[1],urn:cite:hmt:tokentypes.lexical
urn:cts:greekLit:tlg5026.msA.hmt:18.15@καὶ[1],urn:cite:hmt:tokentypes.lexical
urn:cts:greekLit:tlg5026.msA.hmt:18.15@τὸ[2],urn:cite:hmt:tokentypes.lexical
urn:cts:greekLit:tlg5026.msA.hmt:18.15@συμβὰν[1],urn:cite:hmt:tokentypes.lexical
urn:cts:greekLit:tlg5026.msA.hmt:18.15@τῷ[1],urn:cite:hmt:tokentypes.lexical
urn:cts:greekLit:tlg5026.msA.hmt:18.15@ἥρωϊ[1],urn:cite:hmt:tokentypes.lexical
urn:cts:greekLit:tlg5026.msA.hmt:18.15@ευσχημόνως[1],urn:cite:hmt:tokentypes.lexical
urn:cts:greekLit:tlg5026.msA.hmt:18.15@ἀπήγγειλεν[1],urn:cite:hmt:tokentypes.lexical
urn:cts:greekLit:tlg5026.msA.hmt:18.15@οὐ[1],urn:cite:hmt:tokentypes.lexical
urn:cts:greekLit:tlg5026.msA.hmt:18.15@γὰρ[1],urn:cite:hmt:tokentypes.lexical
urn:cts:greekLit:tlg5026.msA.hmt:18.15@έφη[1],urn:cite:hmt:tokentypes.lexical
urn:cts:greekLit:tlg5026.msA.hmt:18.15@σκυλεύσας[1],urn:cite:hmt:tokentypes.lexical
urn:cts:greekLit:tlg5026.msA.hmt:18.15@τὰ[1],urn:cite:hmt:tokentypes.lexical
urn:cts:greekLit:tlg5026.msA.hmt:18.15@ὄπλα[1],urn:cite:hmt:tokentypes.lexical
urn:cts:greekLit:tlg5026.msA.hmt:18.15@ἔχει[1],urn:cite:hmt:tokentypes.lexical
urn:cts:greekLit:tlg5026.msA.hmt:18.15@[1],urn:cite:hmt:tokentypes.lexical
urn:cts:greekLit:tlg5026.msA.hmt:18.15@ἀλλα[1],urn:cite:hmt:tokentypes.lexical
urn:cts:greekLit:tlg5026.msA.hmt:18.15@μόνον[1],urn:cite:hmt:tokentypes.lexical
urn:cts:greekLit:tlg5026.msA.hmt:18.15@ἐσήμανεν[1],urn:cite:hmt:tokentypes.lexical
urn:cts:greekLit:tlg5026.msA.hmt:18.15@⁑[1],urn:cite:hmt:tokentypes.lexical
urn:cts:greekLit:tlg5026.msA.hmt:18.16@τὸν[1],urn:cite:hmt:tokentypes.lexical
urn:cts:greekLit:tlg5026.msA.hmt:18.16@δ'[1],urn:cite:hmt:tokentypes.lexical
urn:cts:greekLit:tlg5026.msA.hmt:18.16@ἄχεος[1],urn:cite:hmt:tokentypes.lexical
urn:cts:greekLit:tlg5026.msA.hmt:18.16@νεφέλη:[1],urn:cite:hmt:tokentypes.lexical
urn:cts:greekLit:tlg5026.msA.hmt:18.16@Πλάτων[1],urn:cite:hmt:pers.pers137
urn:cts:greekLit:tlg5026.msA.hmt:18.16@[1],urn:cite:hmt:tokentypes.lexical
urn:cts:greekLit:tlg5026.msA.hmt:18.16@ἐν[1],urn:cite:hmt:tokentypes.lexical
urn:cts:greekLit:tlg5026.msA.hmt:18.16@τρίτῳ[1],urn:cite:hmt:tokentypes.lexical
urn:cts:greekLit:tlg5026.msA.hmt:18.16@Πολιτείας[1],urn:cite:hmt:tokentypes.lexical
urn:cts:greekLit:tlg5026.msA.hmt:18.16@[2],urn:cite:hmt:tokentypes.lexical
urn:cts:greekLit:tlg5026.msA.hmt:18.16@κατηγορεῖ[1],urn:cite:hmt:tokentypes.lexical
urn:cts:greekLit:tlg5026.msA.hmt:18.16@τῶν[1],urn:cite:hmt:tokentypes.lexical
urn:cts:greekLit:tlg5026.msA.hmt:18.16@ὀδυρομένων[1],urn:cite:hmt:tokentypes.lexical
urn:cts:greekLit:tlg5026.msA.hmt:18.16@λέγων[1],urn:cite:hmt:tokentypes.lexical
urn:cts:greekLit:tlg5026.msA.hmt:18.16@ὑπερ[1],urn:cite:hmt:tokentypes.lexical
urn:cts:greekLit:tlg5026.msA.hmt:18.16@τῶν[2],urn:cite:hmt:tokentypes.lexical
urn:cts:greekLit:tlg5026.msA.hmt:18.16@τεθνεώτων[1],urn:cite:hmt:tokentypes.lexical
urn:cts:greekLit:tlg5026.msA.hmt:18.16@μὴ[1],urn:cite:hmt:tokentypes.lexical
urn:cts:greekLit:tlg5026.msA.hmt:18.16@δεῖν[1],urn:cite:hmt:tokentypes.lexical
urn:cts:greekLit:tlg5026.msA.hmt:18.16@τοῦτο[1],urn:cite:hmt:tokentypes.lexical
urn:cts:greekLit:tlg5026.msA.hmt:18.16@ποιεῖν[1],urn:cite:hmt:tokentypes.lexical
urn:cts:greekLit:tlg5026.msA.hmt:18.16@ὡς[1],urn:cite:hmt:tokentypes.lexical
urn:cts:greekLit:tlg5026.msA.hmt:18.16@δεινόν[1],urn:cite:hmt:tokentypes.lexical
urn:cts:greekLit:tlg5026.msA.hmt:18.16@τι[1],urn:cite:hmt:tokentypes.lexical
urn:cts:greekLit:tlg5026.msA.hmt:18.16@πεπονθότων[1],urn:cite:hmt:tokentypes.lexical
urn:cts:greekLit:tlg5026.msA.hmt:18.16@Ζωϊλος[1],urn:cite:hmt:pers.pers106
urn:cts:greekLit:tlg5026.msA.hmt:18.16@[3],urn:cite:hmt:tokentypes.lexical
urn:cts:greekLit:tlg5026.msA.hmt:18.16@δε[1],urn:cite:hmt:tokentypes.lexical
urn:cts:greekLit:tlg5026.msA.hmt:18.16@φησιν[1],urn:cite:hmt:tokentypes.lexical
urn:cts:greekLit:tlg5026.msA.hmt:18.16@ἄτοπον[1],urn:cite:hmt:tokentypes.lexical
urn:cts:greekLit:tlg5026.msA.hmt:18.16@νῦν[1],urn:cite:hmt:tokentypes.lexical
urn:cts:greekLit:tlg5026.msA.hmt:18.16@εἰδέναι[1],urn:cite:hmt:tokentypes.lexical
urn:cts:greekLit:tlg5026.msA.hmt:18.16@τὸν[2],urn:cite:hmt:tokentypes.lexical
urn:cts:greekLit:tlg5026.msA.hmt:18.16@Ἀχιλλέα[1],urn:cite:hmt:pers.pers1
urn:cts:greekLit:tlg5026.msA.hmt:18.16@[4],urn:cite:hmt:tokentypes.lexical
urn:cts:greekLit:tlg5026.msA.hmt:18.16@προειδέναι[1],urn:cite:hmt:tokentypes.lexical
urn:cts:greekLit:tlg5026.msA.hmt:18.16@τὲ[1],urn:cite:hmt:tokentypes.lexical
urn:cts:greekLit:tlg5026.msA.hmt:18.16@γὰρ[1],urn:cite:hmt:tokentypes.lexical
urn:cts:greekLit:tlg5026.msA.hmt:18.16@ἐχρῆν[1],urn:cite:hmt:tokentypes.lexical
urn:cts:greekLit:tlg5026.msA.hmt:18.16@ὅτι[1],urn:cite:hmt:tokentypes.lexical
urn:cts:greekLit:tlg5026.msA.hmt:18.16@κοινοι[1],urn:cite:hmt:tokentypes.lexical
urn:cts:greekLit:tlg5026.msA.hmt:18.16@οἱ[1],urn:cite:hmt:tokentypes.lexical
urn:cts:greekLit:tlg5026.msA.hmt:18.16@πολεμικοὶ[1],urn:cite:hmt:tokentypes.lexical
urn:cts:greekLit:tlg5026.msA.hmt:18.16@κίνδυνοι[1],urn:cite:hmt:tokentypes.lexical
urn:cts:greekLit:tlg5026.msA.hmt:18.16@τόν[1],urn:cite:hmt:tokentypes.lexical
urn:cts:greekLit:tlg5026.msA.hmt:18.16@τε[1],urn:cite:hmt:tokentypes.lexical
urn:cts:greekLit:tlg5026.msA.hmt:18.16@θάνατον[1],urn:cite:hmt:tokentypes.lexical
urn:cts:greekLit:tlg5026.msA.hmt:18.16@οὐκ[1],urn:cite:hmt:tokentypes.lexical
urn:cts:greekLit:tlg5026.msA.hmt:18.16@εχρῆν[1],urn:cite:hmt:tokentypes.lexical
urn:cts:greekLit:tlg5026.msA.hmt:18.16@δεινὸν[1],urn:cite:hmt:tokentypes.lexical
urn:cts:greekLit:tlg5026.msA.hmt:18.16@ὑπολαμβάνειν,[1],urn:cite:hmt:tokentypes.lexical
urn:cts:greekLit:tlg5026.msA.hmt:18.16@τό[1],urn:cite:hmt:tokentypes.lexical
urn:cts:greekLit:tlg5026.msA.hmt:18.16@τε[2],urn:cite:hmt:tokentypes.lexical
urn:cts:greekLit:tlg5026.msA.hmt:18.16@οὕτως[1],urn:cite:hmt:tokentypes.lexical
urn:cts:greekLit:tlg5026.msA.hmt:18.16@ὑπερπενθεῖν[1],urn:cite:hmt:tokentypes.lexical
urn:cts:greekLit:tlg5026.msA.hmt:18.16@γυναικῶδες.[1],urn:cite:hmt:tokentypes.lexical
urn:cts:greekLit:tlg5026.msA.hmt:18.16@οὕτως[2],urn:cite:hmt:tokentypes.lexical
urn:cts:greekLit:tlg5026.msA.hmt:18.16@οὐτ[1],urn:cite:hmt:tokentypes.lexical
urn:cts:greekLit:tlg5026.msA.hmt:18.16@ἂν[1],urn:cite:hmt:tokentypes.lexical
urn:cts:greekLit:tlg5026.msA.hmt:18.16@βάρβαρος[1],urn:cite:hmt:tokentypes.lexical
urn:cts:greekLit:tlg5026.msA.hmt:18.16@τιθὴ[1],urn:cite:hmt:tokentypes.lexical
urn:cts:greekLit:tlg5026.msA.hmt:18.16@ἐποίησεν[1],urn:cite:hmt:tokentypes.lexical
urn:cts:greekLit:tlg5026.msA.hmt:18.16@καί[1],urn:cite:hmt:tokentypes.lexical
urn:cts:greekLit:tlg5026.msA.hmt:18.16@τοι[1],urn:cite:hmt:tokentypes.lexical
urn:cts:greekLit:tlg5026.msA.hmt:18.16@Ἑκάβης[1],urn:cite:hmt:pers.pers535
urn:cts:greekLit:tlg5026.msA.hmt:18.16@[5],urn:cite:hmt:tokentypes.lexical
urn:cts:greekLit:tlg5026.msA.hmt:18.16@ἐπι[1],urn:cite:hmt:tokentypes.lexical
urn:cts:greekLit:tlg5026.msA.hmt:18.16@τῷ[1],urn:cite:hmt:tokentypes.lexical
urn:cts:greekLit:tlg5026.msA.hmt:18.16@συρμῷ[1],urn:cite:hmt:tokentypes.lexical
urn:cts:greekLit:tlg5026.msA.hmt:18.16@Ἕκτορος[1],urn:cite:hmt:pers.pers172
urn:cts:greekLit:tlg5026.msA.hmt:18.16@[6],urn:cite:hmt:tokentypes.lexical
urn:cts:greekLit:tlg5026.msA.hmt:18.16@οὐδὲν[1],urn:cite:hmt:tokentypes.lexical
urn:cts:greekLit:tlg5026.msA.hmt:18.16@τοιοῦτόν[1],urn:cite:hmt:tokentypes.lexical
urn:cts:greekLit:tlg5026.msA.hmt:18.16@ἐστιν[1],urn:cite:hmt:tokentypes.lexical
urn:cts:greekLit:tlg5026.msA.hmt:18.16@Ζηνόδωρος[1],urn:cite:hmt:pers.pers977
urn:cts:greekLit:tlg5026.msA.hmt:18.16@[7],urn:cite:hmt:tokentypes.lexical
urn:cts:greekLit:tlg5026.msA.hmt:18.16@δὲ[1],urn:cite:hmt:tokentypes.lexical
urn:cts:greekLit:tlg5026.msA.hmt:18.16@ἀπολογεῖται[1],urn:cite:hmt:tokentypes.lexical
urn:cts:greekLit:tlg5026.msA.hmt:18.16@λέγων[2],urn:cite:hmt:tokentypes.lexical
urn:cts:greekLit:tlg5026.msA.hmt:18.16@ὅτι[2],urn:cite:hmt:tokentypes.lexical
urn:cts:greekLit:tlg5026.msA.hmt:18.16@δια[1],urn:cite:hmt:tokentypes.lexical
urn:cts:greekLit:tlg5026.msA.hmt:18.16@τὴν[1],urn:cite:hmt:tokentypes.lexical
urn:cts:greekLit:tlg5026.msA.hmt:18.16@ὑπερβολὴν[1],urn:cite:hmt:tokentypes.lexical
urn:cts:greekLit:tlg5026.msA.hmt:18.16@τῶν[3],urn:cite:hmt:tokentypes.lexical
urn:cts:greekLit:tlg5026.msA.hmt:18.16@πεπραγμένων[1],urn:cite:hmt:tokentypes.lexical
urn:cts:greekLit:tlg5026.msA.hmt:18.16@θρηνεῖ.[1],urn:cite:hmt:tokentypes.lexical
urn:cts:greekLit:tlg5026.msA.hmt:18.16@καὶ[1],urn:cite:hmt:tokentypes.lexical
urn:cts:greekLit:tlg5026.msA.hmt:18.16@ἄλλως[1],urn:cite:hmt:tokentypes.lexical
urn:cts:greekLit:tlg5026.msA.hmt:18.16@:[1],urn:cite:hmt:tokentypes.lexical
urn:cts:greekLit:tlg5026.msA.hmt:18.16@συνήθη[1],urn:cite:hmt:tokentypes.lexical
urn:cts:greekLit:tlg5026.msA.hmt:18.16@ταῦτα[1],urn:cite:hmt:tokentypes.lexical
urn:cts:greekLit:tlg5026.msA.hmt:18.16@τῷ[2],urn:cite:hmt:tokentypes.lexical
urn:cts:greekLit:tlg5026.msA.hmt:18.16@τε[3],urn:cite:hmt:tokentypes.lexical
urn:cts:greekLit:tlg5026.msA.hmt:18.16@βίῳ[1],urn:cite:hmt:tokentypes.lexical
urn:cts:greekLit:tlg5026.msA.hmt:18.16@τοῦτό[1],urn:cite:hmt:tokentypes.lexical
urn:cts:greekLit:tlg5026.msA.hmt:18.16@νυ[1],urn:cite:hmt:tokentypes.lexical
urn:cts:greekLit:tlg5026.msA.hmt:18.16@καὶ[2],urn:cite:hmt:tokentypes.lexical
urn:cts:greekLit:tlg5026.msA.hmt:18.16@γερας[1],urn:cite:hmt:tokentypes.lexical
urn:cts:greekLit:tlg5026.msA.hmt:18.16@οῖον[1],urn:cite:hmt:tokentypes.lexical
urn:cts:greekLit:tlg5026.msA.hmt:18.16@ὀϊζυροῖσι[1],urn:cite:hmt:tokentypes.lexical
urn:cts:greekLit:tlg5026.msA.hmt:18.16@βρότοισι[1],urn:cite:hmt:tokentypes.lexical
urn:cts:greekLit:tlg5026.msA.hmt:18.16@κείρασθαι[1],urn:cite:hmt:tokentypes.lexical
urn:cts:greekLit:tlg5026.msA.hmt:18.16@τε[4],urn:cite:hmt:tokentypes.lexical
urn:cts:greekLit:tlg5026.msA.hmt:18.16@κόμην[1],urn:cite:hmt:tokentypes.lexical
urn:cts:greekLit:tlg5026.msA.hmt:18.16@βαλέην[1],urn:cite:hmt:tokentypes.lexical
urn:cts:greekLit:tlg5026.msA.hmt:18.16@τ'[1],urn:cite:hmt:tokentypes.lexical
urn:cts:greekLit:tlg5026.msA.hmt:18.16@ἀπο[1],urn:cite:hmt:tokentypes.lexical
urn:cts:greekLit:tlg5026.msA.hmt:18.16@δάκρυ[1],urn:cite:hmt:tokentypes.lexical
urn:cts:greekLit:tlg5026.msA.hmt:18.16@παρειῶν[1],urn:cite:hmt:tokentypes.lexical
urn:cts:greekLit:tlg5026.msA.hmt:18.16@:[2],urn:cite:hmt:tokentypes.lexical
urn:cts:greekLit:tlg5026.msA.hmt:18.16@αλλως[1],urn:cite:hmt:tokentypes.lexical
urn:cts:greekLit:tlg5026.msA.hmt:18.16@ει[1],urn:cite:hmt:tokentypes.lexical
urn:cts:greekLit:tlg5026.msA.hmt:18.16@γὰρ[2],urn:cite:hmt:tokentypes.lexical
urn:cts:greekLit:tlg5026.msA.hmt:18.16@Ἀντίλοχον[1],urn:cite:hmt:pers.pers712
urn:cts:greekLit:tlg5026.msA.hmt:18.16@[8],urn:cite:hmt:tokentypes.lexical
urn:cts:greekLit:tlg5026.msA.hmt:18.16@ἥττονα[1],urn:cite:hmt:tokentypes.lexical
urn:cts:greekLit:tlg5026.msA.hmt:18.16@φίλον[1],urn:cite:hmt:tokentypes.lexical
urn:cts:greekLit:tlg5026.msA.hmt:18.16@καταλαμβάνει[1],urn:cite:hmt:tokentypes.lexical
urn:cts:greekLit:tlg5026.msA.hmt:18.16@[9],urn:cite:hmt:tokentypes.lexical
urn:cts:greekLit:tlg5026.msA.hmt:18.16@πένθος[1],urn:cite:hmt:tokentypes.lexical
urn:cts:greekLit:tlg5026.msA.hmt:18.16@ἀκούσαντα[1],urn:cite:hmt:tokentypes.lexical
urn:cts:greekLit:tlg5026.msA.hmt:18.16@·[1],urn:cite:hmt:tokentypes.lexical
urn:cts:greekLit:tlg5026.msA.hmt:18.16@τί[1],urn:cite:hmt:tokentypes.lexical
urn:cts:greekLit:tlg5026.msA.hmt:18.16@πείσεται[1],urn:cite:hmt:tokentypes.lexical
urn:cts:greekLit:tlg5026.msA.hmt:18.16@Ἀχιλλεύς[1],urn:cite:hmt:pers.pers1
urn:cts:greekLit:tlg5026.msA.hmt:18.16@[10],urn:cite:hmt:tokentypes.lexical
urn:cts:greekLit:tlg5026.msA.hmt:18.16@μείζον[1],urn:cite:hmt:tokentypes.lexical
urn:cts:greekLit:tlg5026.msA.hmt:18.16@δὲ[2],urn:cite:hmt:tokentypes.lexical
urn:cts:greekLit:tlg5026.msA.hmt:18.16@τὸ[1],urn:cite:hmt:tokentypes.lexical
urn:cts:greekLit:tlg5026.msA.hmt:18.16@πάθος[1],urn:cite:hmt:tokentypes.lexical
urn:cts:greekLit:tlg5026.msA.hmt:18.16@ἔδειξε[1],urn:cite:hmt:tokentypes.lexical
urn:cts:greekLit:tlg5026.msA.hmt:18.16@δακρύσας[1],urn:cite:hmt:tokentypes.lexical
urn:cts:greekLit:tlg5026.msA.hmt:18.17@κεῖται[1],urn:cite:hmt:tokentypes.lexical
urn:cts:greekLit:tlg5026.msA.hmt:18.17@Πάτροκλος[1],urn:cite:hmt:pers.pers158
urn:cts:greekLit:tlg5026.msA.hmt:18.17@:[1],urn:cite:hmt:tokentypes.lexical
urn:cts:greekLit:tlg5026.msA.hmt:18.17@προδοὺς[1],urn:cite:hmt:tokentypes.lexical
urn:cts:greekLit:tlg5026.msA.hmt:18.17@ἴχνη[1],urn:cite:hmt:tokentypes.lexical
urn:cts:greekLit:tlg5026.msA.hmt:18.17@τῆς[1],urn:cite:hmt:tokentypes.lexical
urn:cts:greekLit:tlg5026.msA.hmt:18.17@συμφορᾶς[1],urn:cite:hmt:tokentypes.lexical
urn:cts:greekLit:tlg5026.msA.hmt:18.17@τῷ[1],urn:cite:hmt:tokentypes.lexical
urn:cts:greekLit:tlg5026.msA.hmt:18.17@δακρύῳ[1],urn:cite:hmt:tokentypes.lexical
urn:cts:greekLit:tlg5026.msA.hmt:18.17@καὶ[1],urn:cite:hmt:tokentypes.lexical
urn:cts:greekLit:tlg5026.msA.hmt:18.17@τῇ[1],urn:cite:hmt:tokentypes.lexical
urn:cts:greekLit:tlg5026.msA.hmt:18.17@προφωνήσει[1],urn:cite:hmt:tokentypes.lexical
urn:cts:greekLit:tlg5026.msA.hmt:18.17@οὕτως[1],urn:cite:hmt:tokentypes.lexical
urn:cts:greekLit:tlg5026.msA.hmt:18.17@επι[1],urn:cite:hmt:tokentypes.lexical
urn:cts:greekLit:tlg5026.msA.hmt:18.17@τὴν[1],urn:cite:hmt:tokentypes.lexical
urn:cts:greekLit:tlg5026.msA.hmt:18.17@διήγησιν[1],urn:cite:hmt:tokentypes.lexical
urn:cts:greekLit:tlg5026.msA.hmt:18.17@ερχεται[1],urn:cite:hmt:tokentypes.lexical
urn:cts:greekLit:tlg5026.msA.hmt:18.17@αἱφνίδιον[1],urn:cite:hmt:tokentypes.lexical
urn:cts:greekLit:tlg5026.msA.hmt:18.17@γὰρ[1],urn:cite:hmt:tokentypes.lexical
urn:cts:greekLit:tlg5026.msA.hmt:18.17@προσπεσόντα[1],urn:cite:hmt:tokentypes.lexical
urn:cts:greekLit:tlg5026.msA.hmt:18.17@τὰ[1],urn:cite:hmt:tokentypes.lexical
urn:cts:greekLit:tlg5026.msA.hmt:18.17@δεινὰ[1],urn:cite:hmt:tokentypes.lexical
urn:cts:greekLit:tlg5026.msA.hmt:18.17@τοῖς[1],urn:cite:hmt:tokentypes.lexical
urn:cts:greekLit:tlg5026.msA.hmt:18.17@ἀκούουσιν[1],urn:cite:hmt:tokentypes.lexical
urn:cts:greekLit:tlg5026.msA.hmt:18.17@ἐξίστησιν[1],urn:cite:hmt:tokentypes.lexical
urn:cts:greekLit:tlg0012.tlg001.msA:18.1@Ὡς[1],urn:cite:hmt:tokentypes.lexical
urn:cts:greekLit:tlg0012.tlg001.msA:18.1@οἱ[1],urn:cite:hmt:tokentypes.lexical
urn:cts:greekLit:tlg0012.tlg001.msA:18.1@μὲν[1],urn:cite:hmt:tokentypes.lexical
urn:cts:greekLit:tlg0012.tlg001.msA:18.1@μάρναντο[1],urn:cite:hmt:tokentypes.lexical
urn:cts:greekLit:tlg0012.tlg001.msA:18.1@δέμας[1],urn:cite:hmt:tokentypes.lexical
urn:cts:greekLit:tlg0012.tlg001.msA:18.1@πυρὸς[1],urn:cite:hmt:tokentypes.lexical
urn:cts:greekLit:tlg0012.tlg001.msA:18.1@αἰθομένοιο·[1],urn:cite:hmt:tokentypes.lexical
urn:cts:greekLit:tlg0012.tlg001.msA:18.2@Ἀντίλοχος[1],urn:cite:hmt:pers.pers712
urn:cts:greekLit:tlg0012.tlg001.msA:18.2@[1],urn:cite:hmt:tokentypes.lexical
urn:cts:greekLit:tlg0012.tlg001.msA:18.2@δ'[1],urn:cite:hmt:tokentypes.lexical
urn:cts:greekLit:tlg0012.tlg001.msA:18.2@Ἀχιλῆϊ[1],urn:cite:hmt:pers.pers1
urn:cts:greekLit:tlg0012.tlg001.msA:18.2@[2],urn:cite:hmt:tokentypes.lexical
urn:cts:greekLit:tlg0012.tlg001.msA:18.2@πόδας[1],urn:cite:hmt:tokentypes.lexical
urn:cts:greekLit:tlg0012.tlg001.msA:18.2@ταχὺς[1],urn:cite:hmt:tokentypes.lexical
urn:cts:greekLit:tlg0012.tlg001.msA:18.2@ἄγγελος[1],urn:cite:hmt:tokentypes.lexical
urn:cts:greekLit:tlg0012.tlg001.msA:18.2@ἦλθε·[1],urn:cite:hmt:tokentypes.lexical
urn:cts:greekLit:tlg0012.tlg001.msA:18.3@τὸν[1],urn:cite:hmt:tokentypes.lexical
urn:cts:greekLit:tlg0012.tlg001.msA:18.3@δ'[1],urn:cite:hmt:tokentypes.lexical
urn:cts:greekLit:tlg0012.tlg001.msA:18.3@εὗρε[1],urn:cite:hmt:tokentypes.lexical
urn:cts:greekLit:tlg0012.tlg001.msA:18.3@προπάροιθε[1],urn:cite:hmt:tokentypes.lexical
urn:cts:greekLit:tlg0012.tlg001.msA:18.3@νεῶν[1],urn:cite:hmt:tokentypes.lexical
urn:cts:greekLit:tlg0012.tlg001.msA:18.3@ὀρθοκραιράων.[1],urn:cite:hmt:tokentypes.lexical
urn:cts:greekLit:tlg0012.tlg001.msA:18.4@τὰ[1],urn:cite:hmt:tokentypes.lexical
urn:cts:greekLit:tlg0012.tlg001.msA:18.4@φρονέοντ'[1],urn:cite:hmt:tokentypes.lexical
urn:cts:greekLit:tlg0012.tlg001.msA:18.4@ἀνὰ[1],urn:cite:hmt:tokentypes.lexical
urn:cts:greekLit:tlg0012.tlg001.msA:18.4@θυμὸν.[1],urn:cite:hmt:tokentypes.lexical
urn:cts:greekLit:tlg0012.tlg001.msA:18.4@ἃ,[1],urn:cite:hmt:tokentypes.lexical
urn:cts:greekLit:tlg0012.tlg001.msA:18.4@δὴ,[1],urn:cite:hmt:tokentypes.lexical
urn:cts:greekLit:tlg0012.tlg001.msA:18.4@τετελεσμένα[1],urn:cite:hmt:tokentypes.lexical
urn:cts:greekLit:tlg0012.tlg001.msA:18.4@ῆεν·[1],urn:cite:hmt:tokentypes.lexical
urn:cts:greekLit:tlg0012.tlg001.msA:18.5@ὀχθήσας[1],urn:cite:hmt:tokentypes.lexical
urn:cts:greekLit:tlg0012.tlg001.msA:18.5@δ'[1],urn:cite:hmt:tokentypes.lexical
urn:cts:greekLit:tlg0012.tlg001.msA:18.5@ἄρα[1],urn:cite:hmt:tokentypes.lexical
urn:cts:greekLit:tlg0012.tlg001.msA:18.5@εἶπε[1],urn:cite:hmt:tokentypes.lexical
urn:cts:greekLit:tlg0012.tlg001.msA:18.5@πρὸς[1],urn:cite:hmt:tokentypes.lexical
urn:cts:greekLit:tlg0012.tlg001.msA:18.5@ὃν[1],urn:cite:hmt:tokentypes.lexical
urn:cts:greekLit:tlg0012.tlg001.msA:18.5@μεγαλήτορα[1],urn:cite:hmt:tokentypes.lexical
urn:cts:greekLit:tlg0012.tlg001.msA:18.5@θυμόν·[1],urn:cite:hmt:tokentypes.lexical
urn:cts:greekLit:tlg0012.tlg001.msA:18.6@ῴ[1],urn:cite:hmt:tokentypes.lexical
urn:cts:greekLit:tlg0012.tlg001.msA:18.6@μοι[1],urn:cite:hmt:tokentypes.lexical
urn:cts:greekLit:tlg0012.tlg001.msA:18.6@ἐγὼ.[1],urn:cite:hmt:tokentypes.lexical
urn:cts:greekLit:tlg0012.tlg001.msA:18.6@τί[1],urn:cite:hmt:tokentypes.lexical
urn:cts:greekLit:tlg0012.tlg001.msA:18.6@τ[1],urn:cite:hmt:tokentypes.lexical
urn:cts:greekLit:tlg0012.tlg001.msA:18.6@αρ,[1],urn:cite:hmt:tokentypes.lexical
urn:cts:greekLit:tlg0012.tlg001.msA:18.6@αῦτε[1],urn:cite:hmt:tokentypes.lexical
urn:cts:greekLit:tlg0012.tlg001.msA:18.6@κάρη[1],urn:cite:hmt:tokentypes.lexical
urn:cts:greekLit:tlg0012.tlg001.msA:18.6@κομόωντες[1],urn:cite:hmt:tokentypes.lexical
urn:cts:greekLit:tlg0012.tlg001.msA:18.6@Ἀχαιοὶ[1],urn:cite:hmt:peoples.place96
urn:cts:greekLit:tlg0012.tlg001.msA:18.7@νηυσὶν[1],urn:cite:hmt:tokentypes.lexical
urn:cts:greekLit:tlg0012.tlg001.msA:18.7@ἔπι[1],urn:cite:hmt:tokentypes.lexical
urn:cts:greekLit:tlg0012.tlg001.msA:18.7@κλονέονται[1],urn:cite:hmt:tokentypes.lexical
urn:cts:greekLit:tlg0012.tlg001.msA:18.7@ἀτυζόμενοι[1],urn:cite:hmt:tokentypes.lexical
urn:cts:greekLit:tlg0012.tlg001.msA:18.7@πεδίοιο·[1],urn:cite:hmt:tokentypes.lexical
urn:cts:greekLit:tlg0012.tlg001.msA:18.8@μὴ[1],urn:cite:hmt:tokentypes.lexical
urn:cts:greekLit:tlg0012.tlg001.msA:18.8@δή[1],urn:cite:hmt:tokentypes.lexical
urn:cts:greekLit:tlg0012.tlg001.msA:18.8@μοι[1],urn:cite:hmt:tokentypes.lexical
urn:cts:greekLit:tlg0012.tlg001.msA:18.8@τελέσωσι[1],urn:cite:hmt:tokentypes.lexical
urn:cts:greekLit:tlg0012.tlg001.msA:18.8@θεοὶ[1],urn:cite:hmt:tokentypes.lexical
urn:cts:greekLit:tlg0012.tlg001.msA:18.8@κακὰ[1],urn:cite:hmt:tokentypes.lexical
urn:cts:greekLit:tlg0012.tlg001.msA:18.8@κήδεα[1],urn:cite:hmt:tokentypes.lexical
urn:cts:greekLit:tlg0012.tlg001.msA:18.8@θυμῷ[1],urn:cite:hmt:tokentypes.lexical
urn:cts:greekLit:tlg0012.tlg001.msA:18.8@·[1],urn:cite:hmt:tokentypes.lexical
urn:cts:greekLit:tlg0012.tlg001.msA:18.9@ὥς[1],urn:cite:hmt:tokentypes.lexical
urn:cts:greekLit:tlg0012.tlg001.msA:18.9@ποτέ[1],urn:cite:hmt:tokentypes.lexical
urn:cts:greekLit:tlg0012.tlg001.msA:18.9@μοι[1],urn:cite:hmt:tokentypes.lexical
urn:cts:greekLit:tlg0012.tlg001.msA:18.9@μήτηρ[1],urn:cite:hmt:tokentypes.lexical
urn:cts:greekLit:tlg0012.tlg001.msA:18.9@διεπέφραδε[1],urn:cite:hmt:tokentypes.lexical
urn:cts:greekLit:tlg0012.tlg001.msA:18.9@καί[1],urn:cite:hmt:tokentypes.lexical
urn:cts:greekLit:tlg0012.tlg001.msA:18.9@μοι[2],urn:cite:hmt:tokentypes.lexical
urn:cts:greekLit:tlg0012.tlg001.msA:18.9@ἔειπε[1],urn:cite:hmt:tokentypes.lexical
urn:cts:greekLit:tlg0012.tlg001.msA:18.10@Μυρμιδόνων[1],urn:cite:hmt:tokentypes.lexical
urn:cts:greekLit:tlg0012.tlg001.msA:18.10@τὸν[1],urn:cite:hmt:tokentypes.lexical
urn:cts:greekLit:tlg0012.tlg001.msA:18.10@ἄριστον[1],urn:cite:hmt:tokentypes.lexical
urn:cts:greekLit:tlg0012.tlg001.msA:18.10@ἔτι[1],urn:cite:hmt:tokentypes.lexical
urn:cts:greekLit:tlg0012.tlg001.msA:18.10@ζώοντος[1],urn:cite:hmt:tokentypes.lexical
urn:cts:greekLit:tlg0012.tlg001.msA:18.10@ἐμεῖο.[1],urn:cite:hmt:tokentypes.lexical
urn:cts:greekLit:tlg0012.tlg001.msA:18.11@χερσὶν[1],urn:cite:hmt:tokentypes.lexical
urn:cts:greekLit:tlg0012.tlg001.msA:18.11@ὑπὸ[1],urn:cite:hmt:tokentypes.lexical
urn:cts:greekLit:tlg0012.tlg001.msA:18.11@Τρώων[1],urn:cite:hmt:peoples.place6
urn:cts:greekLit:tlg0012.tlg001.msA:18.11@[1],urn:cite:hmt:tokentypes.lexical
urn:cts:greekLit:tlg0012.tlg001.msA:18.11@λείψειν[1],urn:cite:hmt:tokentypes.lexical
urn:cts:greekLit:tlg0012.tlg001.msA:18.11@φάος[1],urn:cite:hmt:tokentypes.lexical
urn:cts:greekLit:tlg0012.tlg001.msA:18.11@ἠελίοιο·[1],urn:cite:hmt:tokentypes.lexical
urn:cts:greekLit:tlg0012.tlg001.msA:18.12@ῆ[1],urn:cite:hmt:tokentypes.lexical
urn:cts:greekLit:tlg0012.tlg001.msA:18.12@μάλα[1],urn:cite:hmt:tokentypes.lexical
urn:cts:greekLit:tlg0012.tlg001.msA:18.12@δὴ[1],urn:cite:hmt:tokentypes.lexical
urn:cts:greekLit:tlg0012.tlg001.msA:18.12@τέθνηκε[1],urn:cite:hmt:tokentypes.lexical
urn:cts:greekLit:tlg0012.tlg001.msA:18.12@Μενοιτίου[1],urn:cite:hmt:pers.pers504
urn:cts:greekLit:tlg0012.tlg001.msA:18.12@[1],urn:cite:hmt:tokentypes.lexical
urn:cts:greekLit:tlg0012.tlg001.msA:18.12@ἄλκιμος[1],urn:cite:hmt:tokentypes.lexical
urn:cts:greekLit:tlg0012.tlg001.msA:18.12@υἱὸς·[1],urn:cite:hmt:tokentypes.lexical
urn:cts:greekLit:tlg0012.tlg001.msA:18.13@σχέτλιος.[1],urn:cite:hmt:tokentypes.lexical
urn:cts:greekLit:tlg0012.tlg001.msA:18.13@ῆ[1],urn:cite:hmt:tokentypes.lexical
urn:cts:greekLit:tlg0012.tlg001.msA:18.13@τ'[1],urn:cite:hmt:tokentypes.lexical
urn:cts:greekLit:tlg0012.tlg001.msA:18.13@ἐκέλευον[1],urn:cite:hmt:tokentypes.lexical
urn:cts:greekLit:tlg0012.tlg001.msA:18.13@ἀπωσάμενον[1],urn:cite:hmt:tokentypes.lexical
urn:cts:greekLit:tlg0012.tlg001.msA:18.13@δήϊον[1],urn:cite:hmt:tokentypes.lexical
urn:cts:greekLit:tlg0012.tlg001.msA:18.13@πῦρ.[1],urn:cite:hmt:tokentypes.lexical
urn:cts:greekLit:tlg0012.tlg001.msA:18.14@νῆας[1],urn:cite:hmt:tokentypes.lexical
urn:cts:greekLit:tlg0012.tlg001.msA:18.14@ἒπ’[1],urn:cite:hmt:tokentypes.lexical
urn:cts:greekLit:tlg0012.tlg001.msA:18.14@ὰψ,[1],urn:cite:hmt:tokentypes.lexical
urn:cts:greekLit:tlg0012.tlg001.msA:18.14@ϊέναι.[1],urn:cite:hmt:tokentypes.lexical
urn:cts:greekLit:tlg0012.tlg001.msA:18.14@μὴ[1],urn:cite:hmt:tokentypes.lexical
urn:cts:greekLit:tlg0012.tlg001.msA:18.14@δ'[1],urn:cite:hmt:tokentypes.lexical
urn:cts:greekLit:tlg0012.tlg001.msA:18.14@Ἕκτορι[1],urn:cite:hmt:pers.pers172
urn:cts:greekLit:tlg0012.tlg001.msA:18.14@[1],urn:cite:hmt:tokentypes.lexical
urn:cts:greekLit:tlg0012.tlg001.msA:18.14@ῗφι[1],urn:cite:hmt:tokentypes.lexical
urn:cts:greekLit:tlg0012.tlg001.msA:18.14@μάχεσθαι·[1],urn:cite:hmt:tokentypes.lexical
urn:cts:greekLit:tlg0012.tlg001.msA:18.15@ἕως[1],urn:cite:hmt:tokentypes.lexical
urn:cts:greekLit:tlg0012.tlg001.msA:18.15@ὁ[1],urn:cite:hmt:tokentypes.lexical
urn:cts:greekLit:tlg0012.tlg001.msA:18.15@ταῦθ'[1],urn:cite:hmt:tokentypes.lexical
urn:cts:greekLit:tlg0012.tlg001.msA:18.15@ώρμαινε[1],urn:cite:hmt:tokentypes.lexical
urn:cts:greekLit:tlg0012.tlg001.msA:18.15@κατὰ[1],urn:cite:hmt:tokentypes.lexical
urn:cts:greekLit:tlg0012.tlg001.msA:18.15@φρένα[1],urn:cite:hmt:tokentypes.lexical
urn:cts:greekLit:tlg0012.tlg001.msA:18.15@καὶ[1],urn:cite:hmt:tokentypes.lexical
urn:cts:greekLit:tlg0012.tlg001.msA:18.15@κατα[1],urn:cite:hmt:tokentypes.lexical
urn:cts:greekLit:tlg0012.tlg001.msA:18.15@θυμόν·[1],urn:cite:hmt:tokentypes.lexical
urn:cts:greekLit:tlg0012.tlg001.msA:18.16@τόφρά[1],urn:cite:hmt:tokentypes.lexical
urn:cts:greekLit:tlg0012.tlg001.msA:18.16@οἱ[1],urn:cite:hmt:tokentypes.lexical
urn:cts:greekLit:tlg0012.tlg001.msA:18.16@ἐγγύθεν[1],urn:cite:hmt:tokentypes.lexical
urn:cts:greekLit:tlg0012.tlg001.msA:18.16@ἦλθεν[1],urn:cite:hmt:tokentypes.lexical
urn:cts:greekLit:tlg0012.tlg001.msA:18.16@ἀγαυοῦ[1],urn:cite:hmt:tokentypes.lexical
urn:cts:greekLit:tlg0012.tlg001.msA:18.16@Νέστορος[1],urn:cite:hmt:pers.pers117
urn:cts:greekLit:tlg0012.tlg001.msA:18.16@[1],urn:cite:hmt:tokentypes.lexical
urn:cts:greekLit:tlg0012.tlg001.msA:18.16@υἱὸς[1],urn:cite:hmt:tokentypes.lexical
urn:cts:greekLit:tlg0012.tlg001.msA:18.17@δάκρυα[1],urn:cite:hmt:tokentypes.lexical
urn:cts:greekLit:tlg0012.tlg001.msA:18.17@θερμὰ[1],urn:cite:hmt:tokentypes.lexical
urn:cts:greekLit:tlg0012.tlg001.msA:18.17@χέων.[1],urn:cite:hmt:tokentypes.lexical
urn:cts:greekLit:tlg0012.tlg001.msA:18.17@φάτο[1],urn:cite:hmt:tokentypes.lexical
urn:cts:greekLit:tlg0012.tlg001.msA:18.17@δ'[1],urn:cite:hmt:tokentypes.lexical
urn:cts:greekLit:tlg0012.tlg001.msA:18.17@ἀγγελίην[1],urn:cite:hmt:tokentypes.lexical
urn:cts:greekLit:tlg0012.tlg001.msA:18.17@ἀλεγεινήν·[1],urn:cite:hmt:tokentypes.lexical
urn:cts:greekLit:tlg0012.tlg001.msA:18.18@ᾤ[1],urn:cite:hmt:tokentypes.lexical
urn:cts:greekLit:tlg0012.tlg001.msA:18.18@μοι[1],urn:cite:hmt:tokentypes.lexical
urn:cts:greekLit:tlg0012.tlg001.msA:18.18@Πηλέος[1],urn:cite:hmt:pers.pers184
urn:cts:greekLit:tlg0012.tlg001.msA:18.18@[1],urn:cite:hmt:tokentypes.lexical
urn:cts:greekLit:tlg0012.tlg001.msA:18.18@υἱὲ[1],urn:cite:hmt:tokentypes.lexical
urn:cts:greekLit:tlg0012.tlg001.msA:18.18@δαΐφρονος.[1],urn:cite:hmt:tokentypes.lexical
urn:cts:greekLit:tlg0012.tlg001.msA:18.18@ῆ[1],urn:cite:hmt:tokentypes.lexical
urn:cts:greekLit:tlg0012.tlg001.msA:18.18@μάλα[1],urn:cite:hmt:tokentypes.lexical
urn:cts:greekLit:tlg0012.tlg001.msA:18.18@λυγρῆς[1],urn:cite:hmt:tokentypes.lexical
urn:cts:greekLit:tlg0012.tlg001.msA:18.19@πεύσεαι[1],urn:cite:hmt:tokentypes.lexical
urn:cts:greekLit:tlg0012.tlg001.msA:18.19@ἀγγελίης.[1],urn:cite:hmt:tokentypes.lexical
urn:cts:greekLit:tlg0012.tlg001.msA:18.19@ἣ[1],urn:cite:hmt:tokentypes.lexical
urn:cts:greekLit:tlg0012.tlg001.msA:18.19@μὴ[1],urn:cite:hmt:tokentypes.lexical
urn:cts:greekLit:tlg0012.tlg001.msA:18.19@ὤφελλε[1],urn:cite:hmt:tokentypes.lexical
urn:cts:greekLit:tlg0012.tlg001.msA:18.19@γενέσθαι·[1],urn:cite:hmt:tokentypes.lexical
urn:cts:greekLit:tlg0012.tlg001.msA:18.20@κεῖται[1],urn:cite:hmt:tokentypes.lexical
urn:cts:greekLit:tlg0012.tlg001.msA:18.20@Πάτροκλος[1],urn:cite:hmt:pers.pers158
urn:cts:greekLit:tlg0012.tlg001.msA:18.20@.[1],urn:cite:hmt:tokentypes.lexical
urn:cts:greekLit:tlg0012.tlg001.msA:18.20@νέκυος[1],urn:cite:hmt:tokentypes.lexical
urn:cts:greekLit:tlg0012.tlg001.msA:18.20@δὲ[1],urn:cite:hmt:tokentypes.lexical
urn:cts:greekLit:tlg0012.tlg001.msA:18.20@δὴ[1],urn:cite:hmt:tokentypes.lexical
urn:cts:greekLit:tlg0012.tlg001.msA:18.20@ἀμφιμάχονται[1],urn:cite:hmt:tokentypes.lexical
urn:cts:greekLit:tlg0012.tlg001.msA:18.21@γυμνοῦ.[1],urn:cite:hmt:tokentypes.lexical
urn:cts:greekLit:tlg0012.tlg001.msA:18.21@ἀτὰρ[1],urn:cite:hmt:tokentypes.lexical
urn:cts:greekLit:tlg0012.tlg001.msA:18.21@τά[1],urn:cite:hmt:tokentypes.lexical
urn:cts:greekLit:tlg0012.tlg001.msA:18.21@γε[1],urn:cite:hmt:tokentypes.lexical
urn:cts:greekLit:tlg0012.tlg001.msA:18.21@τεύχε'[1],urn:cite:hmt:tokentypes.lexical
urn:cts:greekLit:tlg0012.tlg001.msA:18.21@ἔχει[1],urn:cite:hmt:tokentypes.lexical
urn:cts:greekLit:tlg0012.tlg001.msA:18.21@κορυθαίολος[1],urn:cite:hmt:tokentypes.lexical
urn:cts:greekLit:tlg0012.tlg001.msA:18.21@Ἕκτωρ[1],urn:cite:hmt:pers.pers172
urn:cts:greekLit:tlg0012.tlg001.msA:18.21@·[1],urn:cite:hmt:tokentypes.lexical
urn:cts:greekLit:tlg0012.tlg001.msA:18.22@ὡς[1],urn:cite:hmt:tokentypes.lexical
urn:cts:greekLit:tlg0012.tlg001.msA:18.22@φάτο.[1],urn:cite:hmt:tokentypes.lexical
urn:cts:greekLit:tlg0012.tlg001.msA:18.22@τὸν[1],urn:cite:hmt:tokentypes.lexical
urn:cts:greekLit:tlg0012.tlg001.msA:18.22@δ'[1],urn:cite:hmt:tokentypes.lexical
urn:cts:greekLit:tlg0012.tlg001.msA:18.22@ἄχεος[1],urn:cite:hmt:tokentypes.lexical
urn:cts:greekLit:tlg0012.tlg001.msA:18.22@νεφέλη[1],urn:cite:hmt:tokentypes.lexical
urn:cts:greekLit:tlg0012.tlg001.msA:18.22@ἐκάλυψε[1],urn:cite:hmt:tokentypes.lexical
urn:cts:greekLit:tlg0012.tlg001.msA:18.22@μέλαινα·[1],urn:cite:hmt:tokentypes.lexical
urn:cts:greekLit:tlg0012.tlg001.msA:18.23@[1],urn:cite:hmt:tokentypes.lexical
urn:cts:greekLit:tlg0012.tlg001.msA:18.23@δὲ[1],urn:cite:hmt:tokentypes.lexical
urn:cts:greekLit:tlg0012.tlg001.msA:18.23@χερσὶν[1],urn:cite:hmt:tokentypes.lexical
urn:cts:greekLit:tlg0012.tlg001.msA:18.23@ἑλὼν[1],urn:cite:hmt:tokentypes.lexical
urn:cts:greekLit:tlg0012.tlg001.msA:18.23@κόνιν[1],urn:cite:hmt:tokentypes.lexical
urn:cts:greekLit:tlg0012.tlg001.msA:18.23@αἰθαλόεσσαν[1],urn:cite:hmt:tokentypes.lexical
urn:cts:greekLit:tlg0012.tlg001.msA:18.24@χεύατο[1],urn:cite:hmt:tokentypes.lexical
urn:cts:greekLit:tlg0012.tlg001.msA:18.24@κακ[1],urn:cite:hmt:tokentypes.lexical
urn:cts:greekLit:tlg0012.tlg001.msA:18.24@κεφαλῆς·[1],urn:cite:hmt:tokentypes.lexical
urn:cts:greekLit:tlg0012.tlg001.msA:18.24@χαρίεν[1],urn:cite:hmt:tokentypes.lexical
urn:cts:greekLit:tlg0012.tlg001.msA:18.24@δ'[1],urn:cite:hmt:tokentypes.lexical
urn:cts:greekLit:tlg0012.tlg001.msA:18.24@ήσχυνε[1],urn:cite:hmt:tokentypes.lexical
urn:cts:greekLit:tlg0012.tlg001.msA:18.24@πρόσωπον·[1],urn:cite:hmt:tokentypes.lexical
urn:cts:greekLit:tlg0012.tlg001.msA:18.25@νεκταρέῳ[1],urn:cite:hmt:tokentypes.lexical
urn:cts:greekLit:tlg0012.tlg001.msA:18.25@δὲ[1],urn:cite:hmt:tokentypes.lexical
urn:cts:greekLit:tlg0012.tlg001.msA:18.25@χιτῶνι[1],urn:cite:hmt:tokentypes.lexical
urn:cts:greekLit:tlg0012.tlg001.msA:18.25@μέλαιν'[1],urn:cite:hmt:tokentypes.lexical
urn:cts:greekLit:tlg0012.tlg001.msA:18.25@ἀμφίζανε[1],urn:cite:hmt:tokentypes.lexical
urn:cts:greekLit:tlg0012.tlg001.msA:18.25@τέφρη.[1],urn:cite:hmt:tokentypes.lexical
